CODE,WINDOWS,WINDOWS,ITEM,UNIT,QTY,RATE,TOTAL
,WINDOWS,ALUMINIUM WINDOWS AS PER PLAN,COLOUR,,,,
,WINDOWS,TIMBER WINDOWS AS PER PLAN,COLOUR,,,,
,WINDOWS,FLYSCREENS ,COLOUR,,,,
,,,,,,,
,,,,,,,
CODE,ROOFING MATERIALS,,ITEM,UNIT,QTY,RATE,TOTAL
,ROOFING MATERIALS,COLORBOND ROOFING,ROOFING IRON,ITEM,,,
,ROOFING MATERIALS,TILE ROOFING,ROOF TILES,ITEM,,,
,ROOFING MATERIALS,ROOFING MATERIALS,FASCIAS,ITEM,,,
,ROOFING MATERIALS,ROOFING MATERIALS,GUTTERING,ITEM,,,
,,,,,,,
,,,,,,,
CODE,ENTRY DOORS,,ITEM,UNIT,QTY,RATE,TOTAL
,ENTRY DOORS,ENTRY DOORS,HUME DOORS 820,EACH,,,
,ENTRY DOORS,DOUBLE ENTRY DOORS,HUME DOORS 1200,EACH,,,
,ENTRY DOORS,DOUBLE ENTRY DOORS,HANDLE (KEY IN KNOB),EACH,,,
,SIDE LIGHTS,SIDE LIGHTS,DOOR JAMB WITH 1 SIDE LIGHT,EACH,,,
,PIVOT DOOR,PIVOT DOOR,PIVOT DOOR PC SUM,PC,,,
,LAUNDRY/GARAGE 820 1/3 PANEL GLASS DOOR,LAUNDRY/GARAGE 820 1/3 PANEL GLASS DOOR,DOOR - BUILDERS RANGE (1/3 PANEL GLASS RC),EACH,,,
,LAUNDRY/GARAGE 820 1/3 PANEL GLASS DOOR,LAUNDRY/GARAGE 820 1/3 PANEL GLASS DOOR,HANDLE (KEY IN KNOB),EACH,,,
,LAUNDRY/GARAGE 820 1/3 PANEL GLASS DOOR,LAUNDRY/GARAGE 820 1/3 PANEL GLASS DOOR,DOGGY FLAP,EACH,,,
,,,,,,,
,DOOR JAMBS,,,,,,
,DOOR JAMBS,DOOR JAMBS,EXTERIOR DOOR JAMBS - PAINT GRADE,EACH,,,
,DOOR JAMBS,DOOR JAMBS,EXTERIOR DOOR JAMBS - STAIN GRADE,EACH,,,
,DOOR JAMBS,DOOR JAMBS,DOUBLE FRONT DOOR JAMB - PAINT GRADE,EACH,,,
,DOOR JAMBS,DOOR JAMBS,DOUBLE FRONT DOOR JAMB - STAIN GRADE,EACH,,,
,,,,,,,
,,,,,,,
CODE,ENTRY DOOR FURNITURE,,ITEM,UNIT,QTY,RATE,TOTAL
,DOOR FURNITURE,DOOR FURNITURE,GAINSBOROUGH SC KEY IN KNOB ENTRACE SET,EACH,,,
,DOOR FURNITURE,DOOR FURNITURE,GAINSBOROUGH TRILOCK,EACH,,,
,DOOR FURNITURE,DOOR FURNITURE,600mm CHROME PULL HANDLES,PAIR,,,
,DOOR FURNITURE,DOOR FURNITURE,DEADLOCK AND SPRING CATCH,EACH,,,
,DOOR FURNITURE,DOOR FURNITURE,MISC ENTRANCE SET (PC ALLOWANCE),EACH,,,
,,,,,,,
,,,,,,,
CODE,GARAGE DOORS ,,ITEM,UNIT,QTY,RATE,TOTAL
,GARAGE DOORS - SECTIONAL PANEL LIFT,GARAGE DOORS - SECTIONAL PANEL LIFT,COLOURBOND GARAGE DOOR - 2100 X 4800w,ITEM,,,
,GARAGE DOORS - SECTIONAL PANEL LIFT,GARAGE DOORS - SECTIONAL PANEL LIFT,COLOURBOND GARAGE DOOR - 2400 X 4800w,ITEM,,,
,GARAGE DOORS - SECTIONAL PANEL LIFT,GARAGE DOORS - SECTIONAL PANEL LIFT,COLOURBOND GARAGE DOOR - 2100 X UP TO 5450w,ITEM,,,
,GARAGE DOORS - SECTIONAL PANEL LIFT,GARAGE DOORS - SECTIONAL PANEL LIFT,COLOURBOND GARAGE DOOR - 2400 X UP TO 5450w,ITEM,,,
,GARAGE DOORS - SECTIONAL PANEL LIFT,GARAGE DOORS - SECTIONAL PANEL LIFT,COLOURBOND GARAGE DOOR - 2100 X 2400w,ITEM,,,
,GARAGE DOORS - SECTIONAL PANEL LIFT,GARAGE DOORS - SECTIONAL PANEL LIFT,COLOURBOND GARAGE DOOR - 2400 X 2400w,ITEM,,,
,GARAGE DOORS - SECTIONAL PANEL LIFT,GARAGE DOORS - SECTIONAL PANEL LIFT,COLOURBOND GARAGE DOOR - 2100 X 3000w,ITEM,,,
,GARAGE DOORS - SECTIONAL PANEL LIFT,GARAGE DOORS - SECTIONAL PANEL LIFT,GARAGE DOOR - TIMBER LOOK UPGRADE,ITEM,,,
,GARAGE DOORS - MANUAL ROLL-A-DOOR,GARAGE DOORS - MANUAL ROLL-A-DOOR,COLOURBOND GARAGE DOOR - 2100 X 2500w,ITEM,,,
,GARAGE DOORS - MANUAL ROLL-A-DOOR,GARAGE DOORS - MANUAL ROLL-A-DOOR,ADD FOR REMOTE OPENER,ITEM,,,
,GARAGE DOOR JAMBS,SINGLE GARAGE DOOR JAMBS,SINGLE GARAGE DOOR JAMB 163 X 31 PRIMIED,EACH,,,
,GARAGE DOOR JAMBS,DOUBLE GARAGE DOOR JAMBS,DOUBLE GARAGE DOOR JAMB 163 X 31 PRIMIED,EACH,,,
,,,,,,,
,,,,,,,
,,,,,,,
CODE,FACE BRICKWORK,,ITEM,UNIT,QTY,RATE,TOTAL
,FACE BRICKWORK,FACE BRICKWORK,FACE BRICKS - PREMIER RANGE,1000,,,
,FACE BRICKWORK,FACE BRICKWORK,FACE BRICKS - PREMIUM RANGE,1000,,,
,,,,,,,
,,,,,,,
CODE,EXTERNAL CLADDING,,ITEM,UNIT,QTY,RATE,TOTAL
,EXTERNAL CLADDING,EXTERNAL CLADDING,150mm LINEA BOARD,M2,,,
,EXTERNAL CLADDING,EXTERNAL CLADDING,180mm LINEA BOARD,M2,,,
,EXTERNAL CLADDING,EXTERNAL CLADDING,MATRIX,M2,,,
,EXTERNAL CLADDING,EXTERNAL CLADDING,STRIA,M2,,,
,EXTERNAL CLADDING,EXTERNAL CLADDING,COLORBOND WALL SHEETING,M2,,,
,EXTERNAL CLADDING,EXTERNAL CLADDING,FEATURE TIMBER SCREEN,M2,,,
,WEATHER BOARDS,WEATHER BOARDS,FIBRO SHEETING WITH TIMBER STRAPS,M2,,,
,,,,,,,
CODE,DECKS/BALCONIES,,ITEM,UNIT,QTY,RATE,TOTAL
,TIMBER DECKS,TIMBER DECKS,90 x 19 HARDWOOD DECKING,,,,
,TIMBER DECKS,TIMBER DECKS,90 x 19 TREATED PINE DECKING,,,,
,TIMBER DECKS,TIMBER DECKS,140 x 19 HARDWOOD DECKING,,,,
,EXTERIOR STAIRS,EXTERIOR STAIRS,93 x 19 HARDWOOD DECKING,,,,
,,,,,,,
,,,,,,,
CODE,EXTERIOR BALUSTRADE,,ITEM,UNIT,QTY,RATE,TOTAL
,BALUSTRADE,DECK/BALCONY ETC BALUSTRADE,BUILDERS RANGE,LM,,,
,BALUSTRADE,BALUSTRADE,BUILDERS RANGE BALUSTRADE,LM,,,
,BALUSTRADE,BALUSTRADE,SEMI FRAMELESS GLASS BALUSTRADE,LM,,,
,BALUSTRADE,BALUSTRADE,FRAMELESS GLASS BALUSTRADE,LM,,,
,,,,,,,
,,,,,,,
CODE,INTERNAL PLASTERING,,ITEM,UNIT,QTY,RATE,TOTAL
,PLASTERER - SUPPLY AND INSTALL,CORNICE,55mm COVE CORNICE,LM,,,
,PLASTERER - SUPPLY AND INSTALL,CORNICE,90mm COVE CORNICE,LM,,,
,PLASTERER - SUPPLY AND INSTALL,CORNICE,SQUARE SET CEILINGS,M2,,,
,PLASTERING EXTRAS,CORNICE,MISC CORNICES (PC ALLOWANCE),M2,,,
,,,,,,,
CODE,STAIRS,,ITEM,UNIT,QTY,RATE,TOTAL
,STAIRS,TIMBER STAIRS,TIMBER STAIRS FINISH,ITEM,,,
,STAIRS,TIMBER STAIRS,SAND AND POLISH STAIRS,,,,
,STAIRS,TIMBER STAIRS,MONO STRINGER STAIR STRINGERS,,,,
,STAIRS,TIMBER STAIRS,STAIR LANDING,,,,
,BALUSTRADE,BALUSTRADE,BUILDERS RANGE BALUSTRADE,ITEM,,,
,BALUSTRADE,BALUSTRADE,SEMI FRAMELESS GLASS BALUSTRADE,ITEM,,,
,BALUSTRADE,BALUSTRADE,FRAMELESS GLASS BALUSTRADE,ITEM,,,
,HANDRAILS,HANDRAILS,TIMBER HANDRAILS,ITEM,,,
,BALUSTRADE,BALUSTRADE,BUILDERS RANGE BALUSTRADE,,,,
,BALUSTRADE,BALUSTRADE,SEMI FRAMELESS GLASS BALUSTRADE,,,,
,BALUSTRADE,BALUSTRADE,FRAMELESS GLASS BALUSTRADE,,,,
,,,,,,,
,,,,,,,
CODE,FIX OUT,,ITEM,UNIT,QTY,RATE,TOTAL
,INTERNAL DOORS,INTERNAL DOORS,HUME BUILDERS RANGE DOORS AS PER PLANS,,,,
,INTERNAL DOORS,INTERNAL DOORS,HUME PREMIUM DOORS AS PER PLANS,,,,
,FIX OUT,SKIRTING,68 x 11 SPLAYED SKIRTING,LM,,,
,FIX OUT,SKIRTING,68 x 11 BULLNOSE SKIRTING,LM,,,
,FIX OUT,SKIRTING,68 x 11 COLONIAL SKIRTING,LM,,,
,FIX OUT,ARCHITRAVES,42 x 11 SPLAYED SKIRTING,LM,,,
,FIX OUT,ARCHITRAVES,42 x 11 BULLNOSE SKIRTING,LM,,,
,FIX OUT,ARCHITRAVES,42 x 11 COLONIAL SKIRTING,LM,,,
,STANDARD WARDROBES DOORS,WARDROBES DOORS,WARDROBES DOORS - VINYL,EACH,,,
,STANDARD WARDROBES DOORS,WARDROBES DOORS,WARDROBES DOORS - MIRROR,EACH,,,
,STANDARD WARDROBES DOORS,WARDROBES DOORS,WARDROBES DOORS - FRAMELESS GLASS,EACH,,,
,SHELVING,SHELVING,LINEN SHELVING - 4 SHELVES,LM,,,
,SHELVING,SHELVING,PANTRY SHELVING - 5 SHELVES,,,,
,SHELVING,SHELVING,ROBE SHELVING - 1 SHELF & RAIL,LM,,,
,SHELVING,SHELVING,ROBE - 1 FULL SHELF & RAIL & BANK OF SHELVES,EACH,,,
,SHELVING,SHELVING,BANK OF SHELVES,EACH,,,
,,,,,,,
,,,,,,,
CODE,CABINETRY,CABINETRY,ITEM,UNIT,QTY,RATE,TOTAL
,,,,,,,
,,KITCHEN,,,,,
,CABINET MAKER,KITCHEN,BASE CABINETS - STD COLOUR BOARD,LM,,,
,CABINET MAKER,KITCHEN,BASE CABINETS - 2 PACK FINISH,LM,,,
,CABINET MAKER,KITCHEN,BASE KITCHEN CABINETS - SHAKER STYLE,LM,,,
,CABINET MAKER,KITCHEN,ISLAND BENCH BACK PANELS,LM,,,
,CABINET MAKER,KITCHEN,OVERHEAD CUPBOARDS - STD COLOUR BOARD,LM,,,
,CABINET MAKER,KITCHEN,OVERHEAD CABINETS - 2 PACK FINISH,LM,,,
,CABINET MAKER,KITCHEN,OVERHEAD CABINETS - SHAKER STYLE,LM,,,
,CABINET MAKER,KITCHEN,POT DRAWS SET OF 2 ,ITEM,,,
,CABINET MAKER,KITCHEN,3 DRAWER CUPBOARD 2 LGE & 1 SML ,ITEM,,,
,CABINET MAKER,KITCHEN,4 DRAWER CUTLERY CUPBOARD,ITEM,,,
,CABINET MAKER,KITCHEN,UPGRADE TO SOFT CLOSE DOORS AND DRAWERS,EACH,,,
,BENCHTOPS,KITCHEN,BUILDERS RANGE LAMINATE BENCHTOPS ,ITEM,,,
,BENCHTOPS,KITCHEN,20mm STONE TOPS - BUILDERS RANGE,ITEM,,,
,BENCHTOPS,KITCHEN,20mm STONE TOPS - PREMIUM RANGE,ITEM,,,
,BENCHTOPS,KITCHEN,40mm STONE TOPS - BUILDERS RANGE,ITEM,,,
,BENCHTOPS,KITCHEN,40mm STONE TOPS - PREMIUM RANGE,ITEM,,,
,CABINET MAKER,KITCHEN,UPGRADE TO SPECIALTY STONE FEATURE,ITEM,,,
,CABINET MAKER,KITCHEN,20mm WATERFALL ENDS,ITEM,,,
,CABINET MAKER,KITCHEN,40mm WATERFALL ENDS,ITEM,,,
,CABINET MAKER,KITCHEN,MICROWAVE UNDERBENCH CUPBOARD - STD COLOUR BOARD,ITEM,,,
,CABINET MAKER,KITCHEN,5 SHELF MELAMINE OPEN SHELVES CLEATED,ITEM,,,
,CABINET MAKER,KITCHEN,WALL OVEN TOWER,ITEM,,,
,CABINET MAKER,KITCHEN,ADD FOR 300mm CRAFTWOOD BULKHEADS,LM,,,
,,,,,,,
,,BUTLERS PANTRY,,,,,
,CABINET MAKER,BUTLERS PANTRY,BASE CABINETS - STD COLOUR BOARD,LM,,,
,CABINET MAKER,BUTLERS PANTRY,BASE CABINETS - 2 PACK FINISH,LM,,,
,CABINET MAKER,BUTLERS PANTRY,BASE CABINETS - SHAKER STYLE,LM,,,
,CABINET MAKER,BUTLERS PANTRY,ISLAND BENCH BACK PANELS,LM,,,
,CABINET MAKER,BUTLERS PANTRY,OVERHEAD CUPBOARDS - STD COLOUR BOARD,LM,,,
,CABINET MAKER,BUTLERS PANTRY,OVERHEAD CABINETS - 2 PACK FINISH,LM,,,
,CABINET MAKER,BUTLERS PANTRY,OVERHEAD CABINETS - SHAKER STYLE,LM,,,
,CABINET MAKER,BUTLERS PANTRY,POT DRAWS SET OF 2 ,ITEM,,,
,CABINET MAKER,BUTLERS PANTRY,3 DRAWER CUPBOARD 2 LGE & 1 SML ,ITEM,,,
,CABINET MAKER,BUTLERS PANTRY,4 DRAWER CUTLERY CUPBOARD,ITEM,,,
,CABINET MAKER,BUTLERS PANTRY,UPGRADE TO SOFT CLOSE DOORS AND DRAWERS,EACH,,,
,BENCHTOPS,BUTLERS PANTRY,BUILDERS RANGE LAMINATE BENCHTOPS ,ITEM,,,
,BENCHTOPS,BUTLERS PANTRY,20mm STONE TOPS - BUILDERS RANGE,ITEM,,,
,BENCHTOPS,BUTLERS PANTRY,20mm STONE TOPS - PREMIUM RANGE,ITEM,,,
,BENCHTOPS,BUTLERS PANTRY,40mm STONE TOPS - BUILDERS RANGE,ITEM,,,
,BENCHTOPS,BUTLERS PANTRY,40mm STONE TOPS - PREMIUM RANGE,ITEM,,,
,CABINET MAKER,BUTLERS PANTRY,UPGRADE TO SPECIALTY STONE FEATURE,ITEM,,,
,CABINET MAKER,BUTLERS PANTRY,20mm WATERFALL ENDS,ITEM,,,
,CABINET MAKER,BUTLERS PANTRY,40mm WATERFALL ENDS,ITEM,,,
,CABINET MAKER,BUTLERS PANTRY,MICROWAVE UNDERBENCH CUPBOARD - STD COLOUR BOARD,ITEM,,,
,CABINET MAKER,BUTLERS PANTRY,5 SHELF MELAMINE OPEN SHELVES CLEATED,ITEM,,,
,CABINET MAKER,BUTLERS PANTRY,WALL OVEN TOWER,ITEM,,,
,CABINET MAKER,BUTLERS PANTRY,ADD FOR 300mm CRAFTWOOD BULKHEADS,LM,,,
,,,,,,,
,,LAUNDRY,,,,,
,CABINET MAKER,LAUNDRY,BASE CABINETS - STD COLOUR BOARD,LM,,,
,CABINET MAKER,LAUNDRY,BASE CABINETS - 2 PACK FINISH,LM,,,
,CABINET MAKER,LAUNDRY,BASE CABINETS - SHAKER STYLE,LM,,,
,CABINET MAKER,LAUNDRY,ISLAND BENCH BACK PANELS,LM,,,
,CABINET MAKER,LAUNDRY,OVERHEAD CUPBOARDS - STD COLOUR BOARD,LM,,,
,CABINET MAKER,LAUNDRY,OVERHEAD CABINETS - 2 PACK FINISH,LM,,,
,CABINET MAKER,LAUNDRY,OVERHEAD CABINETS - SHAKER STYLE,LM,,,
,LAUNDRY,LAUNDRY,LAUNDRY BROOM CLOSET 900mm - STD COLOUR BOARD,ITEM,,"$1,800.00","$1,800.00"
,LAUNDRY,LAUNDRY,LAUNDRY BROOM CLOSET 1200mm - STD COLOUR BOARD,ITEM,,"$2,200.00","$2,200.00"
,BENCHTOPS,BUTLERS PANTRY,BUILDERS RANGE LAMINATE BENCHTOPS ,ITEM,,,
,BENCHTOPS,BUTLERS PANTRY,20mm STONE TOPS - BUILDERS RANGE,ITEM,,,
,BENCHTOPS,BUTLERS PANTRY,20mm STONE TOPS - PREMIUM RANGE,ITEM,,,
,BENCHTOPS,BUTLERS PANTRY,40mm STONE TOPS - BUILDERS RANGE,ITEM,,,
,BENCHTOPS,BUTLERS PANTRY,40mm STONE TOPS - PREMIUM RANGE,ITEM,,,
,,,,,,,
,,BATHROOMS,,,,,
,CABINET MAKER,BATHROOMS,BASE CABINETS - STD COLOUR BOARD,LM,,,
,CABINET MAKER,BATHROOMS,BASE CABINETS - 2 PACK FINISH,LM,,,
,CABINET MAKER,BATHROOMS,BASE CABINETS - SHAKER STYLE,LM,,,
,BENCHTOPS,BATHROOMS,BUILDERS RANGE LAMINATE BENCHTOPS ,ITEM,,,
,BENCHTOPS,BATHROOMS,20mm STONE TOPS - BUILDERS RANGE,ITEM,,,
,BENCHTOPS,BATHROOMS,20mm STONE TOPS - PREMIUM RANGE,ITEM,,,
,BENCHTOPS,BATHROOMS,40mm STONE TOPS - BUILDERS RANGE,ITEM,,,
,BENCHTOPS,BATHROOMS,40mm STONE TOPS - PREMIUM RANGE,ITEM,,,
,,,,,,,
,,,,,,,
,,ENSUITE,,,,,
,CABINET MAKER,ENSUITE,BASE CABINETS - STD COLOUR BOARD,LM,,,
,CABINET MAKER,ENSUITE,BASE CABINETS - 2 PACK FINISH,LM,,,
,CABINET MAKER,ENSUITE,BASE CABINETS - SHAKER STYLE,LM,,,
,BENCHTOPS,ENSUITE,BUILDERS RANGE LAMINATE BENCHTOPS ,ITEM,,,
,BENCHTOPS,ENSUITE,20mm STONE TOPS - BUILDERS RANGE,ITEM,,,
,BENCHTOPS,ENSUITE,20mm STONE TOPS - PREMIUM RANGE,ITEM,,,
,BENCHTOPS,ENSUITE,40mm STONE TOPS - BUILDERS RANGE,ITEM,,,
,BENCHTOPS,ENSUITE,40mm STONE TOPS - PREMIUM RANGE,ITEM,,,
,,,,,,,
,,,,,,,
CODE,APPLIANCES,EUROMAID,ITEM,UNIT,QTY,RATE,TOTAL
,EUROMAID,EUROMAID,- EUROMAID 60CM 5 FUNCTION BUILT-IN OVEN EO605DTB,EACH,,500,500
,EUROMAID,EUROMAID,- EUROMAID 60CM CERAMIC COOKTOP KCS4,EACH,,336,336
,EUROMAID,EUROMAID,- EUROMAID 60CM SLIDE OUT RANGEHOOD RS6S,EACH,,249,249
,EUROMAID,EUROMAID,- EUROMAID 60CM DISHWASHER EDW14S,EACH,,599,599
,EUROMAID,EUROMAID,EUROMAID PACK - 600MM ELECTRIC COOKTOP PACK - OVEN / ELECTRIC COOKTOP / SLIDEOUT RANGEHOOD / DISHWASHER,PACK,,1684,1684
,EUROMAID,EUROMAID,- EUROMAID 60CM 5 FUNCTION BUILT-IN OVEN EO605DTB,EACH,,500,500
,EUROMAID,EUROMAID,- EUROMAID 60CM GAS COOKTOP WK60S,EACH,,250,250
,EUROMAID,EUROMAID,- EUROMAID 60CM SLIDE OUT RANGEHOOD RS6S,EACH,,249,249
,EUROMAID,EUROMAID,- EUROMAID 60CM DISHWASHER EDW14S,EACH,,599,599
,EUROMAID,EUROMAID,EUROMAID PACK - 600MM GAS COOKTOP PACK - OVEN / GAS COOKTOP / SLIDEOUT RANGEHOOD / DISHWASHER,PACK,,1598,1598
,EUROMAID,EUROMAID,EUROMAID 600MM CANOPY RANGEHOOD OPTION - EUROMAID 60CM PYRAMID CANOPY RANGEHOOD CPT6S,EACH,,379,379
,EUROMAID,EUROMAID,EUROMAID 600MM UNDER CUPBOARD RANGEHOOD OPTION - EUROMAID 60CM RECIRCULATING/FIXED RANGEHOOD CS60S,EACH,,112,112
,EUROMAID,EUROMAID,- EUROMAID 90CM BUILT-IN OVEN EO916ASTB,EACH,,1199,1199
,EUROMAID,EUROMAID,- EUROMAID 90CM CERAMIC COOKTOP ECCK900,EACH,,899,899
,EUROMAID,EUROMAID,- EUROMAID 90CM SLIDE OUT RANGEHOOD RS9S,EACH,,399,399
,EUROMAID,EUROMAID,- EUROMAID 60CM DISHWASHER EDW14S,EACH,,599,599
,EUROMAID,EUROMAID,EUROMAID PACK - 900MM BUILT-IN ELECTRIC COOKTOP PACK - 900 OVEN / ELECTRIC COOKTOP / 900 SLIDEOUT RANGEHOOD / DISHWASHER,PACK,,3096,3096
,EUROMAID,EUROMAID,- EUROMAID 90CM BUILT-IN OVEN EO916ASTB,EACH,,1199,1199
,EUROMAID,EUROMAID,- EUROMAID 90CM GAS COOKTOP GC90S,EACH,,599,599
,EUROMAID,EUROMAID,- EUROMAID 90CM SLIDE OUT RANGEHOOD RS9S,EACH,,399,399
,EUROMAID,EUROMAID,- EUROMAID 60CM DISHWASHER EDW14S,EACH,,599,599
,EUROMAID,EUROMAID,EUROMAID PACK - 900MM BUILT-IN GAS COOKTOP PACK - 900 OVEN / GAS COOKTOP / 900 SLIDEOUT RANGEHOOD / DISHWASHER,PACK,,2796,2796
,EUROMAID,EUROMAID,- EUROMAID 90CM DUAL FUEL FREESTANDING COOKER GG90S,EACH,,1699,1699
,EUROMAID,EUROMAID,- EUROMAID 90CM PYRAMID CANOPY RANGEHOOD CPT9MB,EACH,,505,505
,EUROMAID,EUROMAID,- EUROMAID 60CM DISHWASHER EDW14S,EACH,,599,599
,EUROMAID,EUROMAID,EUROMAID PACK - 900MM UPRIGHT COOKER CANOPY PACK - UPRIGHT COOKER / 900 CANOPY RANGEHOOD / DISHWASHER,PACK,,2803,2803
,EUROMAID,EUROMAID,- EUROMAID 90CM DUAL FUEL FREESTANDING COOKER GG90S,EACH,,1699,1699
,EUROMAID,EUROMAID,- EUROMAID 90CM FIXED/UNDERCUPBOARD RANGEHOOD FS90S,EACH,,299,299
,EUROMAID,EUROMAID,- EUROMAID 60CM DISHWASHER EDW14S,EACH,,599,599
,EUROMAID,EUROMAID,EUROMAID PACK - 900MM UPRIGHT COOKER UNDER CUPBOARD PACK - UPRIGHT COOKER / 900 UNDER CUPBOARD RANGEHOOD / DISHWASHER,PACK,,2597,2597
,EUROMAID,EUROMAID,EUROMAID 900MM CANOPY RANGEHOOD OPTION - EUROMAID 90CM PYRAMID CANOPY RANGEHOOD CPT9MB,EACH,,505,505
,EUROMAID,EUROMAID,EUROMAID 900MM UNDER CUPBOARD RANGEHOOD OPTION - EUROMAID 90CM FIXED/UNDERCUPBOARD RANGEHOOD FS90S,EACH,,299,299
,EUROMAID,EUROMAID,EUROMAID DISHWASHER OPTION - EUROMAID 60CM DISHWASHER EDW14S,EACH,,599,599
,,,,,,,
,,,,,,,
,OMEGA,OMEGA,,,,,
,OMEGA,OMEGA,OMEGA PACK - 900MM BUILT-IN GAS COOKTOP PACK - 900 OVEN / GAS COOKTOP / 900 SLIDEOUT RANGEHOOD / DISHWASHER,PACK,,2996,2996
,OMEGA,OMEGA,- OMEGA 60CM 4 FUNCTION OVEN OBO660X,EACH,,599,599
,OMEGA,OMEGA,- OMEGA 60CM INDUCTION COOKTOP OCI64Z,EACH,,899,899
,OMEGA,OMEGA,- OMEGA 60CM SLIDE OUT RANGEHOOD ORT6WBA,EACH,,299,299
,OMEGA,OMEGA,- OMEGA 60CM FREESTANDING DISHWASHER ODW702XB,EACH,,699,699
,OMEGA,OMEGA,OMEGA PACK - 600MM ELECTRIC COOKTOP PACK - OVEN / ELECTRIC COOKTOP / SLIDEOUT RANGEHOOD / DISHWASHER,PACK,,2496,2496
,OMEGA,OMEGA,- OMEGA 60CM 4 FUNCTION OVEN OBO660X,EACH,,599,599
,OMEGA,OMEGA,- OMEGA 60CM 4 BURNER GAS COOKTOP OCG604X,EACH,,399,399
,OMEGA,OMEGA,- OMEGA 60CM SLIDE OUT RANGEHOOD ORT6WBA,EACH,,299,299
,OMEGA,OMEGA,- OMEGA 60CM FREESTANDING DISHWASHER ODW702XB,EACH,,699,699
,OMEGA,OMEGA,OMEGA PACK - 600MM GAS COOKTOP PACK - OVEN / GAS COOKTOP / SLIDEOUT RANGEHOOD / DISHWASHER,PACK,,1996,1996
,OMEGA,OMEGA,OMEGA 600MM CANOPY RANGEHOOD OPTION - OMEGA 60CM CANOPY RANGEHOOD ORC60X,EACH,,399,399
,OMEGA,OMEGA,OMEGA 600MM UNDER CUPBOARD RANGEHOOD OPTION - OMEGA 60CM UNDER CUPBOARD RANGEHOOD ORF60X,EACH,,249,249
,OMEGA,OMEGA,- OMEGA 90CM 9 FUNCTION OVEN OBO960X1,EACH,,1199,1199
,OMEGA,OMEGA,- OMEGA 90CM INDUCTION COOKTOP OI90Z,EACH,,1399,1399
,OMEGA,OMEGA,- OMEGA 90CM SLIDE OUT RANGEHOOD ORT9WXA,EACH,,399,399
,OMEGA,OMEGA,- OMEGA 60CM FREESTANDING DISHWASHER ODW702XB,EACH,,699,699
,OMEGA,OMEGA,OMEGA PACK - 900MM BUILT-IN ELECTRIC COOKTOP PACK - 900 OVEN / ELECTRIC COOKTOP / 900 SLIDEOUT RANGEHOOD / DISHWASHER,PACK,,3696,3696
,OMEGA,OMEGA,- OMEGA 60CM FREESTANDING DISHWASHER ODW702XB,EACH,,699,699
,OMEGA,OMEGA,OMEGA PACK - 900MM UPRIGHT COOKER CANOPY PACK - UPRIGHT COOKER / 900 CANOPY RANGEHOOD / DISHWASHER,PACK,,3147,3147
,OMEGA,OMEGA,- OMEGA 90CM 9 FUNCTION FREESTANDING OVEN OF916FX,EACH,,1899,1899
,OMEGA,OMEGA,- OMEGA 90CM CANOPY RANGEHOOD ORC90X,EACH,,549,549
,OMEGA,OMEGA,- OMEGA 60CM FREESTANDING DISHWASHER ODW702XB,EACH,,699,699
,OMEGA,OMEGA,OMEGA PACK - 900MM UPRIGHT COOKER UNDER CUPBOARD PACK - UPRIGHT COOKER / 900 UNDER CUPBOARD RANGEHOOD / DISHWASHER,PACK,,2947,2947
,OMEGA,OMEGA,- OMEGA 90CM 9 FUNCTION FREESTANDING OVEN OF916FX,EACH,,1899,1899
,OMEGA,OMEGA,- OMEGA 90CM FIXED RANGEHOOD ORF90X,EACH,,349,349
,OMEGA,OMEGA,- OMEGA 60CM FREESTANDING DISHWASHER ODW702XB,EACH,,699,699
,OMEGA,OMEGA,OMEGA 900MM CANOPY RANGEHOOD OPTION - OMEGA 90CM CANOPY RANGEHOOD ORC90X,EACH,,549,549
,OMEGA,OMEGA,OMEGA 900MM UNDER CUPBOARD RANGEHOOD OPTION - OMEGA 90CM FIXED RANGEHOOD ORF90X,EACH,,349,349
,OMEGA,OMEGA,OMEGA DISHWASHER OPTION - OMEGA 60CM FREESTANDING DISHWASHER ODW702XB,EACH,,699,699
,,,,,,,
,,,,,,,
,BLANCO,BLANCO,,,,,
,BLANCO,BLANCO,- BLANCO 60CM ELECTRIC OVEN BOSE65XM,EACH,,899,899
,BLANCO,BLANCO,- BLANCO 60CM CERAMIC COOKTOP BCC604T,EACH,,599,599
,BLANCO,BLANCO,- BLANCO 60CM SLIDE OUT RANGEHOOD BRU53X,EACH,,449,449
,BLANCO,BLANCO,- BLANCO 60CM FREESTANDING DISHWASHER BDW146X,EACH,,799,799
,BLANCO,BLANCO,BLANCO PACK - 600MM ELECTRIC COOKTOP PACK - OVEN / ELECTRIC COOKTOP / SLIDEOUT RANGEHOOD / DISHWASHER,PACK,,2746,2746
,BLANCO,BLANCO,- BLANCO 60CM ELECTRIC OVEN BOSE65XM,EACH,,899,899
,BLANCO,BLANCO,- BLANCO 60CM GAS COOKTOP BCG604WX,EACH,,599,599
,BLANCO,BLANCO,- BLANCO 60CM SLIDE OUT RANGEHOOD BRU53X,EACH,,449,449
,BLANCO,BLANCO,- BLANCO 60CM FREESTANDING DISHWASHER BDW146X,EACH,,799,799
,BLANCO,BLANCO,BLANCO 600MM CANOPY RANGEHOOD OPTION - BLANCO 60CM CANOPY RANGEHOOD BRC60X,EACH,,599,599
,BLANCO,BLANCO,BLANCO 600MM UNDER CUPBOARD RANGEHOOD OPTION - BLANCO 60CM UNDERMOUNT RANGEHOOD BRU60X,EACH,,699,699
,BLANCO,BLANCO,- BLANCO 90CM ELECTRIC OVEN BOSE90X,EACH,,1599,1599
,BLANCO,BLANCO,- BLANCO 90CM INDUCTION COOKTOP BIC90X,EACH,,1499,1499
,BLANCO,BLANCO,- BLANCO 90CM SLIDE OUT RANGEHOOD BRU90X,EACH,,599,599
,BLANCO,BLANCO,- BLANCO 60CM FREESTANDING DISHWASHER BDW146X,EACH,,799,799
,BLANCO,BLANCO,BLANCO PACK - 900MM BUILT-IN ELECTRIC COOKTOP PACK - 900 OVEN / ELECTRIC COOKTOP / 900 SLIDEOUT RANGEHOOD / DISHWASHER,PACK,,4496,4496
,BLANCO,BLANCO,- BLANCO 90CM ELECTRIC OVEN BOSE90X,EACH,,1599,1599
,BLANCO,BLANCO,- BLANCO 90CM GAS COOKTOP BCG905WX,EACH,,899,899
,BLANCO,BLANCO,- BLANCO 90CM SLIDE OUT RANGEHOOD BRU90X,EACH,,599,599
,BLANCO,BLANCO,- BLANCO 60CM FREESTANDING DISHWASHER BDW146X,EACH,,799,799
,BLANCO,BLANCO,BLANCO PACK - 900MM BUILT-IN GAS COOKTOP PACK - 900 OVEN / GAS COOKTOP / 900 SLIDEOUT RANGEHOOD / DISHWASHER,PACK,,3896,3896
,BLANCO,BLANCO,- BLANCO 90CM DUAL FUEL FREESTANDING COOKER BFS90WX,EACH,,2499,2499
,BLANCO,BLANCO,- BLANCO 90CM CANOPY RANGEHOOD BRC90X,EACH,,799,799
,BLANCO,BLANCO,- BLANCO 60CM FREESTANDING DISHWASHER BDW146X,EACH,,799,799
,BLANCO,BLANCO,BLANCO PACK - 900MM UPRIGHT COOKER CANOPY PACK - UPRIGHT COOKER / 900 CANOPY RANGEHOOD / DISHWASHER,PACK,,4097,4097
,BLANCO,BLANCO,- BLANCO 90CM DUAL FUEL FREESTANDING COOKER BFS90WX,EACH,,2499,2499
,BLANCO,BLANCO,- BLANCO 90CM UNDERMOUNT RANGEHOOD BRU90UX,EACH,,899,899
,BLANCO,BLANCO,- BLANCO 60CM FREESTANDING DISHWASHER BDW146X,EACH,,799,799
,BLANCO,BLANCO,BLANCO PACK - 900MM UPRIGHT COOKER UNDER CUPBOARD PACK - UPRIGHT COOKER / 900 UNDER CUPBOARD RANGEHOOD / DISHWASHER,PACK,,4197,4197
,BLANCO,BLANCO,BLANCO 900MM CANOPY RANGEHOOD OPTION - BLANCO 90CM CANOPY RANGEHOOD BRC90X,EACH,,799,799
,BLANCO,BLANCO,BLANCO 900MM UNDER CUPBOARD RANGEHOOD OPTION - BLANCO 90CM UNDERMOUNT RANGEHOOD BRU90UX,EACH,,899,899
,BLANCO,BLANCO,BLANCO DISHWASHER OPTION - BLANCO 60CM FREESTANDING DISHWASHER BDW146X,EACH,,799,799
,,,,,,,
,,,,,,,
,ARISTON,ARISTON,,,,,
,ARISTON,ARISTON,- ARISTON 60CM ELECTRIC OVEN FA5834HIXAAUS,EACH,,1199,1199
,ARISTON,ARISTON,- ARISTON 60CM ELECTRIC COOKTOP PF604IX,EACH,,699,699
,ARISTON,ARISTON,- ARISTON 60CM SLIDE OUT RANGEHOOD ARHS60X,EACH,,399,399
,ARISTON,ARISTON,- ARISTON 60CM DISHWASHER LFO3C23WF,EACH,,799,799
,ARISTON,ARISTON,ARISTON PACK - 600MM ELECTRIC COOKTOP PACK - OVEN / ELECTRIC COOKTOP / SLIDEOUT RANGEHOOD / DISHWASHER,PACK,,3096,3096
,ARISTON,ARISTON,- ARISTON 90CM GAS COOKTOP PKQ 755 D GH AUS,EACH,,999,999
,ARISTON,ARISTON,- ARISTON 90CM SLIDE OUT RANGEHOOD ARHS90X,EACH,,499,499
,ARISTON,ARISTON,- ARISTON 60CM DISHWASHER LFO3C23WF,EACH,,799,799
,ARISTON,ARISTON,- ARISTON 60CM ELECTRIC OVEN FA5834HIXAAUS,EACH,,1199,1199
,ARISTON,ARISTON,- ARISTON 60CM GAS COOKTOP PC640NTX,EACH,,699,699
,ARISTON,ARISTON,- ARISTON 60CM SLIDE OUT RANGEHOOD ARHS60X,EACH,,399,399
,ARISTON,ARISTON,- ARISTON 60CM DISHWASHER LFO3C23WF,EACH,,799,799
,ARISTON,ARISTON,ARISTON PACK - 600MM GAS COOKTOP PACK - OVEN / GAS COOKTOP / SLIDEOUT RANGEHOOD / DISHWASHER,PACK,,3096,3096
,ARISTON,ARISTON,ARISTON 600MM CANOPY RANGEHOOD OPTION - ARISTON 60CM CANOPY RANGEHOOD ARHC60X,EACH,,499,499
,ARISTON,ARISTON,ARISTON 600MM UNDER CUPBOARD RANGEHOOD OPTION - ARISTON 60CM UNDER CUPBOARD RANGEHOOD ARU60X,EACH,,349,349
,ARISTON,ARISTON,- ARISTON 90CM BUILT-IN OVEN FI9 891 SP IX A AUS,EACH,,1899,1899
,ARISTON,ARISTON,- ARISTON 90CM INDUCTION COOKTOP NIO 844 DO B AUS,EACH,,1399,1399
,ARISTON,ARISTON,- ARISTON 90CM SLIDE OUT RANGEHOOD ARHS90X,EACH,,499,499
,ARISTON,ARISTON,- ARISTON 60CM DISHWASHER LFO3C23WF,EACH,,799,799
,ARISTON,ARISTON,ARISTON PACK - 900MM BUILT-IN ELECTRIC COOKTOP PACK - 900 OVEN / ELECTRIC COOKTOP / 900 SLIDEOUT RANGEHOOD / DISHWASHER,PACK,,4596,4596
,ARISTON,ARISTON,- ARISTON 90CM BUILT-IN OVEN FI9 891 SP IX A AUS,EACH,,1899,1899
,ARISTON,ARISTON,ARISTON PACK - 900MM BUILT-IN GAS COOKTOP PACK - 900 OVEN / GAS COOKTOP / 900 SLIDEOUT RANGEHOOD / DISHWASHER,PACK,,4196,4196
,ARISTON,ARISTON,- ARISTON 90CM DUAL FUEL FREESTANDING COOKER CP059MDX,EACH,,2899,2899
,ARISTON,ARISTON,- ARISTON 90CM CANOPY RANGEHOOD ARHC90X,EACH,,699,699
,ARISTON,ARISTON,- ARISTON 60CM DISHWASHER LFO3C23WF,EACH,,799,799
,ARISTON,ARISTON,ARISTON PACK - 900MM UPRIGHT COOKER CANOPY PACK - UPRIGHT COOKER / 900 CANOPY RANGEHOOD / DISHWASHER,PACK,,4397,4397
,ARISTON,ARISTON,- ARISTON 90CM DUAL FUEL FREESTANDING COOKER CP059MDX,EACH,,2899,2899
,ARISTON,ARISTON,- ARISTON 90CM UNDER CUPBOARD RANGEHOOD ARU90X,EACH,,499,499
,ARISTON,ARISTON,- ARISTON 60CM DISHWASHER LFO3C23WF,EACH,,799,799
,ARISTON,ARISTON,ARISTON PACK - 900MM UPRIGHT COOKER UNDER CUPBOARD PACK - UPRIGHT COOKER / 900 UNDER CUPBOARD RANGEHOOD / DISHWASHER,PACK,,4197,4197
,ARISTON,ARISTON,ARISTON 900MM CANOPY RANGEHOOD OPTION - ARISTON 90CM CANOPY RANGEHOOD ARHC90X,EACH,,699,699
,ARISTON,ARISTON,ARISTON 900MM UNDER CUPBOARD RANGEHOOD OPTION - ARISTON 90CM UNDER CUPBOARD RANGEHOOD ARU90X,EACH,,499,499
,ARISTON,ARISTON,ARISTON DISHWASHER OPTION - ARISTON 60CM DISHWASHER LFO3C23WF,EACH,,799,799
,,,,,,,
,,,,,,,
,WESTINGHOUSE,WESTINGHOUSE,,,,,
,WESTINGHOUSE,WESTINGHOUSE,- WESTINGHOUSE 60CM MULTIFUNCTION OVEN WVE6314DD,EACH,,799,799
,WESTINGHOUSE,WESTINGHOUSE,- WESTINGHOUSE 60CM CERAMIC COOKTOP WHC642BC,EACH,,699,699
,WESTINGHOUSE,WESTINGHOUSE,- WESTINGHOUSE 60CM SLIDEOUT RANGEHOOD WRR614SB,EACH,,449,449
,WESTINGHOUSE,WESTINGHOUSE,- WESTINGHOUSE 60CM FREESTANDING DISHWASHER WSF6606X,EACH,,799,799
,WESTINGHOUSE,WESTINGHOUSE,WESTINGHOUSE PACK - 600MM ELECTRIC COOKTOP PACK - OVEN / ELECTRIC COOKTOP / SLIDEOUT RANGEHOOD / DISHWASHER,PACK,,2746,2746
,WESTINGHOUSE,WESTINGHOUSE,- WESTINGHOUSE 60CM MULTIFUNCTION OVEN WVE6314DD,EACH,,799,799
,WESTINGHOUSE,WESTINGHOUSE,- WESTINGHOUSE 60CM GAS COOKTOP WHG644SC,EACH,,699,699
,WESTINGHOUSE,WESTINGHOUSE,- WESTINGHOUSE 60CM SLIDEOUT RANGEHOOD WRR614SB,EACH,,449,449
,WESTINGHOUSE,WESTINGHOUSE,- WESTINGHOUSE 60CM FREESTANDING DISHWASHER WSF6606X,EACH,,799,799
,WESTINGHOUSE,WESTINGHOUSE,WESTINGHOUSE PACK - 600MM GAS COOKTOP PACK - OVEN / GAS COOKTOP / SLIDEOUT RANGEHOOD / DISHWASHER,PACK,,2746,2746
,WESTINGHOUSE,WESTINGHOUSE,WESTINGHOUSE 600MM CANOPY RANGEHOOD OPTION - WESTINGHOUSE 60CM CANOPY RANGEHOOD WRC614SD,EACH,,549,549
,WESTINGHOUSE,WESTINGHOUSE,WESTINGHOUSE 600MM UNDER CUPBOARD RANGEHOOD OPTION - WESTINGHOUSE 60CM FIXED RANGEHOOD WRF610WA,EACH,,360,360
,WESTINGHOUSE,WESTINGHOUSE,- WESTINGHOUSE 90CM ELECTRIC OVEN WVE916SC,EACH,,1999,1999
,WESTINGHOUSE,WESTINGHOUSE,- WESTINGHOUSE 90CM INDUCTION COOKTOP WHI955BD,EACH,,1799,1799
,WESTINGHOUSE,WESTINGHOUSE,- WESTINGHOUSE 90CM SLIDEOUT RANGEHOOD WRI930SB,EACH,,599,599
,WESTINGHOUSE,WESTINGHOUSE,- WESTINGHOUSE 60CM FREESTANDING DISHWASHER WSF6606X,EACH,,799,799
,WESTINGHOUSE,WESTINGHOUSE,WESTINGHOUSE PACK - 900MM BUILT-IN ELECTRIC COOKTOP PACK - 900 OVEN / ELECTRIC COOKTOP / 900 SLIDEOUT RANGEHOOD / DISHWASHER,PACK,,5196,5196
,WESTINGHOUSE,WESTINGHOUSE,- WESTINGHOUSE 90CM ELECTRIC OVEN WVE916SC,EACH,,1999,1999
,WESTINGHOUSE,WESTINGHOUSE,- WESTINGHOUSE 90CM GAS COOKTOP WHG958SC,EACH,,1099,1099
,WESTINGHOUSE,WESTINGHOUSE,- WESTINGHOUSE 90CM SLIDEOUT RANGEHOOD WRI930SB,EACH,,599,599
,WESTINGHOUSE,WESTINGHOUSE,- WESTINGHOUSE 60CM FREESTANDING DISHWASHER WSF6606X,EACH,,799,799
,WESTINGHOUSE,WESTINGHOUSE,WESTINGHOUSE PACK - 900MM BUILT-IN GAS COOKTOP PACK - 900 OVEN / GAS COOKTOP / 900 SLIDEOUT RANGEHOOD / DISHWASHER,PACK,,4496,4496
,WESTINGHOUSE,WESTINGHOUSE,- WESTINGHOUSE 90CM DUAL FUEL FREESTANDING COOKER WFE9515SD,EACH,,1444,1444
,WESTINGHOUSE,WESTINGHOUSE,- WESTINGHOUSE 90CM CANOPY RANGEHOOD WRC914SD,EACH,,599,599
,WESTINGHOUSE,WESTINGHOUSE,- WESTINGHOUSE 60CM FREESTANDING DISHWASHER WSF6606X,EACH,,799,799
,WESTINGHOUSE,WESTINGHOUSE,WESTINGHOUSE PACK - 900MM UPRIGHT COOKER CANOPY PACK - UPRIGHT COOKER / 900 CANOPY RANGEHOOD / DISHWASHER,PACK,,2842,2842
,WESTINGHOUSE,WESTINGHOUSE,- WESTINGHOUSE 90CM DUAL FUEL FREESTANDING COOKER WFE9515SD,EACH,,1444,1444
,WESTINGHOUSE,WESTINGHOUSE,- WESTINGHOUSE 90CM FIXED RANGEHOOD WRF910WA,EACH,,298,298
,WESTINGHOUSE,WESTINGHOUSE,- WESTINGHOUSE 60CM FREESTANDING DISHWASHER WSF6606X,EACH,,799,799
,WESTINGHOUSE,WESTINGHOUSE,WESTINGHOUSE PACK - 900MM UPRIGHT COOKER UNDER CUPBOARD PACK - UPRIGHT COOKER / 900 UNDER CUPBOARD RANGEHOOD / DISHWASHER,PACK,,2541,2541
,WESTINGHOUSE,WESTINGHOUSE,WESTINGHOUSE 900MM CANOPY RANGEHOOD OPTION - WESTINGHOUSE 90CM CANOPY RANGEHOOD WRC914SD,EACH,,599,599
,WESTINGHOUSE,WESTINGHOUSE,WESTINGHOUSE 900MM UNDER CUPBOARD RANGEHOOD OPTION - WESTINGHOUSE 90CM FIXED RANGEHOOD WRF910WA,EACH,,298,298
,WESTINGHOUSE,WESTINGHOUSE,WESTINGHOUSE DISHWASHER OPTION - WESTINGHOUSE 60CM FREESTANDING DISHWASHER WSF6606X,EACH,,799,799
,,,,,,,
,,,,,,,
,SMEG,SMEG,,,,,
,SMEG,SMEG,- SMEG 60CM CLASSIC ELECTRIC OVEN SF64M3TVX,EACH,,1299,1299
,SMEG,SMEG,- SMEG 60CM INDUCTION COOKTOP SI2641D,EACH,,1299,1299
,SMEG,SMEG,- SMEG 60CM SLIDEOUT RANGEHOOD STH600X,EACH,,899,899
,SMEG,SMEG,- SMEG 60CM FREESTANDING DISHWASHER DWAU6315X3,EACH,,1599,1599
,SMEG,SMEG,SMEG PACK - 600MM ELECTRIC COOKTOP PACK - OVEN / ELECTRIC COOKTOP / SLIDEOUT RANGEHOOD / DISHWASHER,PACK,,5096,5096
,SMEG,SMEG,- SMEG 60CM CLASSIC ELECTRIC OVEN SF64M3TVX,EACH,,1299,1299
,SMEG,SMEG,- SMEG 60CM GAS COOKTOP PGA64,EACH,,1199,1199
,SMEG,SMEG,- SMEG 60CM SLIDEOUT RANGEHOOD STH600X,EACH,,899,899
,SMEG,SMEG,- SMEG 60CM FREESTANDING DISHWASHER DWAU6315X3,EACH,,1599,1599
,SMEG,SMEG,SMEG PACK - 600MM GAS COOKTOP PACK - OVEN / GAS COOKTOP / SLIDEOUT RANGEHOOD / DISHWASHER,PACK,,4996,4996
,SMEG,SMEG,SMEG 600MM CANOPY RANGEHOOD OPTION - SMEG 60CM WALLMOUNT CANOPY RANGEHOOD SHW610X1,EACH,,788,788
,SMEG,SMEG,SMEG 600MM UNDER CUPBOARD RANGEHOOD OPTION - SMEG 60CM UNDERMOUNT RANGEHOOD PUM601X,EACH,,999,999
,SMEG,SMEG,- SMEG 90CM CLASSIC THERMOSEAL OVEN SFPA9395X1,EACH,,3999,3999
,SMEG,SMEG,- SMEG 90CM INDUCTION COOKTOP SAI4954D,EACH,,3299,3299
,SMEG,SMEG,- SMEG 90CM SLIDEOUT RANGEHOOD STH900X,EACH,,1199,1199
,SMEG,SMEG,- SMEG 60CM FREESTANDING DISHWASHER DWAU6315X3,EACH,,1599,1599
,SMEG,SMEG,SMEG PACK - 900MM BUILT-IN ELECTRIC COOKTOP PACK - 900 OVEN / ELECTRIC COOKTOP / 900 SLIDEOUT RANGEHOOD / DISHWASHER,PACK,,10096,10096
,SMEG,SMEG,- SMEG 90CM CLASSIC THERMOSEAL OVEN SFPA9395X1,EACH,,3999,3999
,SMEG,SMEG,- SMEG 90CM GAS COOKTOP PGA95,EACH,,1999,1999
,SMEG,SMEG,- SMEG 90CM SLIDEOUT RANGEHOOD STH900X,EACH,,1199,1199
,SMEG,SMEG,- SMEG 60CM FREESTANDING DISHWASHER DWAU6315X3,EACH,,1599,1599
,SMEG,SMEG,SMEG PACK - 900MM BUILT-IN GAS COOKTOP PACK - 900 OVEN / GAS COOKTOP / 900 SLIDEOUT RANGEHOOD / DISHWASHER,PACK,,8796,8796
,SMEG,SMEG,- SMEG 90CM DUAL FUEL FREESTANDING COOKER FS9606AS-1,EACH,,2690,2690
,SMEG,SMEG,- SMEG 90CM CANOPY RANGEHOOD SHW910X2,EACH,,1750,1750
,SMEG,SMEG,- SMEG 60CM FREESTANDING DISHWASHER DWAU6315X3,EACH,,1599,1599
,SMEG,SMEG,SMEG PACK - 900MM UPRIGHT COOKER CANOPY PACK - UPRIGHT COOKER / 900 CANOPY RANGEHOOD / DISHWASHER,PACK,,6039,6039
,SMEG,SMEG,- SMEG 90CM DUAL FUEL FREESTANDING COOKER FS9606AS-1,EACH,,2690,2690
,SMEG,SMEG,- SMEG 90CM UNDERMOUNT RANGEHOOD PUM901X,EACH,,1499,1499
,SMEG,SMEG,- SMEG 60CM FREESTANDING DISHWASHER DWAU6315X3,EACH,,1599,1599
,SMEG,SMEG,SMEG PACK - 900MM UPRIGHT COOKER UNDER CUPBOARD PACK - UPRIGHT COOKER / 900 UNDER CUPBOARD RANGEHOOD / DISHWASHER,PACK,,5788,5788
,SMEG,SMEG,SMEG 900MM CANOPY RANGEHOOD OPTION - SMEG 90CM CANOPY RANGEHOOD SHW910X2,EACH,,1750,1750
,SMEG,SMEG,SMEG 900MM UNDER CUPBOARD RANGEHOOD OPTION - SMEG 90CM UNDERMOUNT RANGEHOOD PUM901X,EACH,,1499,1499
,SMEG,SMEG,SMEG DISHWASHER OPTION - SMEG 60CM FREESTANDING DISHWASHER DWAU6315X3,EACH,,1599,1599
,,,,,,,
,,,,,,,
,,,,,,,
CODE,TILING,TILING,ITEM,UNIT,QTY,RATE,TOTAL
,,,,,,,
,,KITCHEN,,,,,
,KITCHEN,KITCHEN,SPLASHBACK,M2,,,
,,,,,,,
,,,,,,,
,,BATHROOM,,,,,
,BATHROOM,BATHROOM,WALL TILES,M2,,,
,BATHROOM,BATHROOM,FLOOR TILES,M2,,,
,BATHROOM,BATHROOM,SHOWER RECESS,M2,,,
,BATHROOM,BATHROOM,BATH ARPON (1.8 M2),M2,,,
,BATHROOM,BATHROOM,BATH HOB (1 M2),M2,,,
,BATHROOM,BATHROOM,SPLASHBACK,M2,,,
,BATHROOM,BATHROOM,SOAP HOLDER,EACH,,,
,BATHROOM,BATHROOM,FEATURE TILES,M2,,,
,BATHROOM,BATHROOM,OTHER,M2,,,
,,,,,,,
,,,,,,,
,,,,,,,
,,ENSUITE,,,,,
,ENSUITE,ENSUITE,WALL TILES,M2,,,
,ENSUITE,ENSUITE,FLOOR TILES,M2,,,
,ENSUITE,ENSUITE,SHOWER RECESS,EACH,,,
,ENSUITE,ENSUITE,BATH ARPON (1.8 M2),M2,,,
,ENSUITE,ENSUITE,BATH HOB (1 M2),M2,,,
,ENSUITE,ENSUITE,SPLASHBACK,M2,,,
,ENSUITE,ENSUITE,SOAP HOLDER,EACH,,,
,ENSUITE,ENSUITE,FEATURE TILES,M2,,,
,ENSUITE,ENSUITE,OTHER,M2,,,
,,,,,,,
,,,,,,,
,,LAUNDRY,,,,,
,LAUNDRY,LAUNDRY,WALL TILES,M2,,,
,LAUNDRY,LAUNDRY,FLOOR TILES,M2,,,
,,,,,,,
,,,,,,,
,,TOILET/POWDER ROOM,,,,,
,TOILET/POWDER ROOM,TOILET/POWDER ROOM,WALL TILES,M2,,,
,TOILET/POWDER ROOM,TOILET/POWDER ROOM,FLOOR TILES,M2,,,
,,,,,,,
,,,,,,,
,,INDOOR AREAS,,,,,
,MAIN FLOOR TILE,MAIN FLOOR TILE,,M2,,,
,,,,,,,
,,,,,,,
,,OUTDOOR AREAS,,,,,
,ALFRESCO,ALFRESCO,FLOOR TILES,M2,,,
,BALCONY,BALCONY,FLOOR TILES,M2,,,
,PORCH,PORCH,FLOOR TILES,M2,,,
,MISC AREAS,MISC AREAS,FLOOR TILES,M2,,,
,,,,,,,
,,,,,,,
,,,,,,,
CODE,PLUMBING FITTINGS & TAPWEAR,PLUMBING FITTINGS & TAPWEAR,ITEM,UNIT,QTY,RATE,TOTAL
,KITCHEN SINKS,KITCHEN SINKS,RAYMOR ATLANTIC 1 3/4 BOWL,EACH,,,
,KITCHEN SINKS,KITCHEN SINKS,RAYMOR ARABIAN 1 3/4 BOWL 1080mm,EACH,,,
,KITCHEN SINKS,KITCHEN SINKS,RAYMOR CORAL 1 3/4 BOWL 1080mm w COL & BRD,EACH,,,
,KITCHEN SINKS,KITCHEN SINKS,OLIVERI DIAZ DZ111/112 1 3/4 BOWL 1080mm,EACH,,,
,KITCHEN SINKS,KITCHEN SINKS,JAVA DBL BOWL U/MOUNT 880mm,EACH,,,
,KITCHEN SINKS,KITCHEN SINKS,OLIVERI DIAZ DBL BOWL U/MOUNT 770mm,EACH,,,
,KITCHEN SINKS,KITCHEN SINKS,ELAN DBL BOWL U/MOUNT 690mm,EACH,,,
,KITCHEN SINKS,KITCHEN SINKS,OLIVERI EL001/002 1 1/2 BOWL 980mm,EACH,,,
,KITCHEN SINKS,KITCHEN SINKS,OLIVERI EL011/012 1/1/2 BOWL 1080mm,EACH,,,
,KITCHEN SINKS,KITCHEN SINKS,OLIVERI EL071/072 DBL BOWL 1135mm,EACH,,,
,KITCHEN SINKS,KITCHEN SINKS,OLIVERI EL063U DBL BOWL U/MOUNT,EACH,,,
,KITCHEN TAPS,KITCHEN TAPS,RAYMOR CLERMONT,EACH,,,
,KITCHEN TAPS,KITCHEN TAPS,RAYMOR VICTORIA SPRAY,EACH,,,
,KITCHEN TAPS,KITCHEN TAPS,RAYMOR ACADEMY PILLAR,EACH,,,
,KITCHEN TAPS,KITCHEN TAPS,RAYMOR TORINO GOOSENECK,EACH,,,
,KITCHEN TAPS,KITCHEN TAPS,KOHLER SINGULAR,EACH,,,
,KITCHEN TAPS,KITCHEN TAPS,RAYMOR TORINO MULTI FUNCTION MIXER,EACH,,,
,KITCHEN TAPS,KITCHEN TAPS,SINK MIXER ARTESIAN - TRADELINK,EACH,,,
,KITCHEN TAPS,KITCHEN TAPS,KOHLER JULY MIXER,EACH,,,
,KITCHEN TAPS,KITCHEN TAPS,KOHLER VITEO/PIN,EACH,,,
,KITCHEN TAPS,KITCHEN TAPS,OLIVERI SINGLE LEVER MIXER,EACH,,,
,KITCHEN TAPS,KITCHEN TAPS,OLIVERI SINGLE LEVER GOOSENECK,EACH,,,
,VANITY BASINS,VANITY BASINS,CORAL 560 1 T/H,EACH,,,
,VANITY BASINS,VANITY BASINS,RAYMOR AMETHYST 405 x 410 1 T/H,EACH,,,
,VANITY BASINS,VANITY BASINS,RAYMOR AMETHYST 500 x 445 1 T/H,EACH,,,
,VANITY BASINS,VANITY BASINS,KOHLER FOREFRONT VESSEL 580 WIDE 1 T/H,EACH,,,
,VANITY BASINS,VANITY BASINS,KOHLER VESSEL FOREFRONT NO T/H 413 WIDE,EACH,,,
,VANITY BASINS,VANITY BASINS,KOHLER CONICAL BELL VESSEL,EACH,,,
,VANITY BASINS,VANITY BASINS,RAYMOR CORAL SEMI RECESSED 1 T/H 500 x 430,EACH,,,
,VANITY BASINS,VANITY BASINS,RAYMOR AQUAMARINE SEMI RECESSED 1 T/H,EACH,,,
,VANITY BASINS,VANITY BASINS,SAPPHIRE ROUND U/MOUNT 385 WIDE,EACH,,,
,VANITY BASINS,VANITY BASINS,SAPPHIRE RECT U/MOUNT 500 x 375,EACH,,,
,VANITY BASINS,VANITY BASINS,LADENA UNDER COUNTER BASIN,EACH,,,
,VANITY BASINS,VANITY BASINS,QUARTZ WALL MOUNT 1 T/H,EACH,,,
,VANITY BASINS,VANITY BASINS,RAYMOR CORAL WALL MOUNT 1 T/H,EACH,,,
,VANITY BASINS,VANITY BASINS,RAYMOR CORAL PEDESTAL STAND,EACH,,,
,VANITY BASINS,VANITY BASINS,PRESQUILE WALL MOUNT 450 W/TOWEL RAIL,EACH,,,
,VANITY BASINS,VANITY BASINS,ESCALE 500 WALL MOUNT 1 T/H W/ TOWEL RAIL,EACH,,,
,VANITY BASINS,VANITY BASINS,PLUG & WASTE SET - POP UP,EACH,,,
,VANITY BASINS,VANITY BASINS,BASIN MIXERS,,,,
,VANITY BASINS,VANITY BASINS,RAYMOR CLERMONT,EACH,,,
,VANITY BASINS,VANITY BASINS,RAYMOR ACADEMY PILLAR 76mm,EACH,,,
,VANITY BASINS,VANITY BASINS,RAYMOR ACADEMY PILLAR 220mm,EACH,,,
,VANITY BASINS,VANITY BASINS,ARTISIAN BASIN MIXER,EACH,,,
,VANITY BASINS,VANITY BASINS,KOHLER JULY,EACH,,,
,VANITY BASINS,VANITY BASINS,KOHLER VITEO PIN,EACH,,,
,VANITY BASINS,VANITY BASINS,KOHLER SINGULIER,EACH,,,
,VANITY BASINS,VANITY BASINS,KOHLER SINGULIER TALL,EACH,,,
,WALL MIXERS,WALL MIXERS,RAYMOR CLERMONT,EACH,,,
,WALL MIXERS,WALL MIXERS,RAYMOR ACADEMY PILLAR,EACH,,,
,WALL MIXERS,WALL MIXERS,KOHLER JULY,EACH,,,
,WALL MIXERS,WALL MIXERS,KOHLER VITEO PIN,EACH,,,
,WALL MIXERS,WALL MIXERS,KOHLER SINGULIER,EACH,,,
,BATH SPOUTS,BATH SPOUTS,RAYMOR UPSWEPT,EACH,,,
,BATH SPOUTS,BATH SPOUTS,RAYMOR RODIN,EACH,,,
,BATH SPOUTS,BATH SPOUTS,TESSA,EACH,,,
,BATH SPOUTS,BATH SPOUTS,BROADWAY,EACH,,,
,BATH SPOUTS,BATH SPOUTS,ACADEMY 175mm,EACH,,,
,BATH SPOUTS,BATH SPOUTS,ACADEMY 115mm,EACH,,,
,BATH SPOUTS,BATH SPOUTS,RODIN HOB MOUNT,EACH,,,
,BATH SPOUTS,BATH SPOUTS,BOSTON ACADEMY,EACH,,,
,SHOWERS,SHOWERS,RAYMOR TAPAC SINGLE FUNCTION,EACH,,,
,SHOWERS,SHOWERS,KOHLER ELEVATION,EACH,,,
,SHOWERS,SHOWERS,RAYMOR BOSTON,EACH,,,
,SHOWERS,SHOWERS,KOHLER FLIPSIDE 4,EACH,,,
,SHOWERS,SHOWERS,RAYMOR AMADA 3 FUNCTION,EACH,,,
,SHOWERS,SHOWERS,BONDI RAIL,EACH,,,
,SHOWERS,SHOWERS,KOHLER SLIDE RAIL WITH FLIPSIDE 4 HEAD,EACH,,,
,SHOWERS,SHOWERS,TWIN WATERS RAIL WITH COSMIC & BONDI HEADS,EACH,,,
,SHOWERS,SHOWERS,KOHLER SQUARE 20mm RAIN KATALYST ON RAIL,EACH,,,
,SHOWERS,SHOWERS,KOHLER ROUND 20mm RAIN KATALYST ON RAIL,EACH,,,
,SHOWERS,SHOWERS,KOHLER CEILING MOUNT ARM,EACH,,,
,SHOWERS,SHOWERS,KATALYST RAIN HEAD 250mm SQUARE,EACH,,,
,SHOWERS,SHOWERS,KATALYST RAIN HEAD 250mm ROUND,EACH,,,
,TOILETS,TOILETS,PRIMA LINK SUITE,EACH,,,
,TOILETS,TOILETS,ANDORRA II (SHORTEN) CLOSE COUPLE,EACH,,,
,TOILETS,TOILETS,ARTEGO C/C,EACH,,,
,TOILETS,TOILETS,KOHLER PANACHE C/C,EACH,,,
,TOILETS,TOILETS,BANKSIA W/FACE C/C,EACH,,,
,TOILETS,TOILETS,CAROME ARTEGO WALL FACED,EACH,,,
,TOILETS,TOILETS,KOHLER PARLIAMENT,EACH,,,
,TOILETS,TOILETS,PANACHE WITH INWALL CISTERN,EACH,,,
,BATHS,BATHS,RAYMOR RECLINE 1510mm,EACH,,,
,BATHS,BATHS,RAYMOR RECLINE 1650mm,EACH,,,
,BATHS,BATHS,NOVARA DECINA 1525mm,EACH,,,
,BATHS,BATHS,NOVARA DECINA 1665mm,EACH,,,
,BATHS,BATHS,JAMAICA RECTANGLE 1510mm,EACH,,,
,BATHS,BATHS,JAMAICA RECTANGLE 1645mm,EACH,,,
,BATHS,BATHS,CARINA DECINA 1675mm ISLAND,EACH,,,
,BATHS,BATHS,CARINA DECINA 1750mm ISLAND,EACH,,,
,BATHS,BATHS,JAMIACA 1790mm ISLAND,EACH,,,
,BATHS,BATHS,UNO DECINA 1530mm ISLAND,EACH,,,
,BATHS,BATHS,UNO DECINA 1700mm ISLAND,EACH,,,
,BATHS,BATHS,CAVAL DECINA 1790mm ISLAND,EACH,,,
,BATHS,BATHS,FREESTANDING BATHS,,,,
,BATHS,BATHS,ADESSO BIANCO OVAL 1750mm,EACH,,,
,BATHS,BATHS,ADESSO BIANCO SQUARE 1750mm,EACH,,,
,SPA BATHS,SPA BATHS,ARUBA CNR SANTAI HEAT PUMP 6 JET,EACH,,,
,SPA BATHS,SPA BATHS,ARUBA CNR SANTAI HEAT PUMP 12 JET,EACH,,,
,SPA BATHS,SPA BATHS,FRAME BASE SUPPORT DECINA GALV,EACH,,,
,SPA BATHS,SPA BATHS,ARUBA RECT SANTAI HEAT PUMP 6 JET 1520mm,EACH,,,
,SPA BATHS,SPA BATHS,ARUBA RECT SANTAI HEAT PUMP 6 JET 1665mm,EACH,,,
,SPA BATHS,SPA BATHS,ARUBA RECT SANTAI HEAT PUMP 12 JET 1665mm,EACH,,,
,SPA BATHS,SPA BATHS,ARUBA RECT SANTAI HEAT PUMP 12 JET 1790mm,EACH,,,
,SPA BATHS,SPA BATHS,JAMAICA RECT SANTAI HEAT PUMP 7 JET 1510mm,EACH,,,
,SPA BATHS,SPA BATHS,JAMAICA RECT SANTAI HEAT PUMP 9 JET 1645mm,EACH,,,
,SPA BATHS,SPA BATHS,JAMAICA RECT SANTAI HEAT PUMP 12 JET 1790mm,EACH,,,
,SPA BATHS,SPA BATHS,FRAME BASE SUPPORT DECINA GALV,EACH,,,
,SPA BATHS,SPA BATHS,JAMIACE OVAL SANTAI HEAT PUMP 14 JET 1800mm,EACH,,,
,SPA BATHS,SPA BATHS,FRAME BASE SUPPORT DECINA GALV,EACH,,,
,LAUNDRY TUBS,LAUNDRY TUBS,45L S/S TUB AND PROJECT METAL CABINET,EACH,,,
,LAUNDRY TUBS,LAUNDRY TUBS,35L NUGLEM BENCHLINE S/S DROP IN TUB,EACH,,,
,LAUNDRY TUBS,LAUNDRY TUBS,45L JAVA DROP IN 600 X 500 TUB,EACH,,,
,LAUNDRY TUBS,LAUNDRY TUBS,METRO UTILITY 1 T/H L/HAND 35L NO BYPASS,EACH,,,
,LAUNDRY TUBS,LAUNDRY TUBS,METRO UTILITY 1 T/H R/HAND 35L NO BYPASS,EACH,,,
,LAUNDRY TUBS,LAUNDRY TUBS,METRO UTILITY NO T/H 35L NO BYPASS,EACH,,,
,LAUNDRY TUBS,LAUNDRY TUBS,OLIVERI 45 DROP IN - WINNING APPLIANCES,EACH,,,
,LAUNDRY TAPS,LAUNDRY TAPS,RAYMOR CLERMONT,EACH,,,
,LAUNDRY TAPS,LAUNDRY TAPS,RAYMOR VICTORIA SPRAY,EACH,,,
,LAUNDRY TAPS,LAUNDRY TAPS,RAYMOR ACADEMY PILLAR,EACH,,,
,LAUNDRY TAPS,LAUNDRY TAPS,RAYMOR TORINO GOOSENECK,EACH,,,
,LAUNDRY TAPS,LAUNDRY TAPS,KOHLER SINGULAR,EACH,,,
,LAUNDRY TAPS,LAUNDRY TAPS,RAYMOR TORINO MULTI FUNCTION MIXER,EACH,,,
,LAUNDRY TAPS,LAUNDRY TAPS,SINK MIXER ARTESIAN - TRADELINK,EACH,,,
,LAUNDRY TAPS,LAUNDRY TAPS,KOHLER JULY MIXER,EACH,,,
,LAUNDRY TAPS,LAUNDRY TAPS,KOHLER VITEO/PIN,EACH,,,
,LAUNDRY TAPS,LAUNDRY TAPS,OLIVERI SINGLE LEVER MIXER,EACH,,,
,LAUNDRY TAPS,LAUNDRY TAPS,OLIVERI SINGLE LEVER GOOSENECK,EACH,,,
,WASHING MACHINE TAPS,WASHING MACHINE TAPS,W/M STOP COCKS NON RETURN VALVE,EACH,,,
,WASHING MACHINE TAPS,WASHING MACHINE TAPS,RAYMOR LAUNDRY SET WALL MOUNT,EACH,,,
,WASHING MACHINE TAPS,WASHING MACHINE TAPS,RAMOR WALL MOUNT COCKS,PAIR,,,
,PROJIX,PROJIX,ROBE HOOK,EACH,,,
,PROJIX,PROJIX,GLASS SHELF,EACH,,,
,PROJIX,PROJIX,SOAP BASKET,EACH,,,
,PROJIX,PROJIX,TOILET ROLL HOLDER,EACH,,,
,PROJIX,PROJIX,TOWEL RAIL 600mm DOUBLE,EACH,,,
,PROJIX,PROJIX,TOWEL RAIL 900mm DOUBLE,EACH,,,
,PROJIX,PROJIX,TOWEL RAIL 600mm SINGLE,EACH,,,
,PROJIX,PROJIX,TOWEL RAIL 900mm SINGLE,EACH,,,
,PROJIX,PROJIX,TOWEL RING,EACH,,,
,LUCERNE,LUCERNE,SOAP HOLDER,EACH,,,
,LUCERNE,LUCERNE,TOILET ROLL HOLDER,EACH,,,
,LUCERNE,LUCERNE,ROBE HOOK,EACH,,,
,LUCERNE,LUCERNE,TOWEL RAIL 750mm DOUBLE,EACH,,,
,LUCERNE,LUCERNE,TOWEL RAIL 750mm SINGLE,EACH,,,
,LUCERNE,LUCERNE,TOWEL RING,EACH,,,
,LUCERNE,LUCERNE,GLASS SHELF,EACH,,,
,SINGULIER,SINGULIER,TOILET ROLL HOLDER COVERED,EACH,,,
,SINGULIER,SINGULIER,TOILET ROLL HOLDER VERTICAL,EACH,,,
,SINGULIER,SINGULIER,ROBE HOOK,EACH,,,
,SINGULIER,SINGULIER,TOWEL RAIL 600mm DOUBLE,EACH,,,
,SINGULIER,SINGULIER,TOWEL RAIL 600mm SINGLE,EACH,,,
,SINGULIER,SINGULIER,TOWEL RAIL 750mm SINGLE,EACH,,,
,SINGULIER,SINGULIER,TOWEL RING,EACH,,,
,SINGULIER,SINGULIER,GLASS SHELF,EACH,,,
,FILTERED WATER TAPS,FILTERED WATER TAPS,SINGLE UNDERSINK WATER FILTER SYSTEM,EACH,,,
,FILTERED WATER TAPS,FILTERED WATER TAPS,ZIP HYDROTAP TAP BOILING AND CHILLED WATER,EACH,,,
,INSINKERATORS,INSINKERATORS,ISE MODEL 45 .45 HP,EACH,,,
,INSINKERATORS,INSINKERATORS,ISE MODEL 55 .55 HP AUTO REVERSE,EACH,,,
,,,,,,,
,,,,,,,
,MIRRORS & SHOWER SCREENS,MIRRORS & SHOWER SCREENS,,,,,
,MIRRORS,MIRRORS,FRAMED 900 HIGH,LM,,,
,MIRRORS,MIRRORS,FLAT POLISHED,LM,,,
,MIRRORS,MIRRORS,MICRO FRAMED,LM,,,
,MIRRORS,MIRRORS,BEVELLED EDGE,LM,,,
,SOFTLINE - FRAMED 1870 HIGH,SOFTLINE - FRAMED 1870 HIGH,SOFTLINE FRAMED - FRONT ONLY (CLEAR),EACH,,,
,SOFTLINE - FRAMED 1870 HIGH,SOFTLINE - FRAMED 1870 HIGH,SOFTLINE FRAMED - FRONT ONLY (TINTED),EACH,,,
,SOFTLINE - FRAMED 1870 HIGH,SOFTLINE - FRAMED 1870 HIGH,SOFTLINE FRAMED - FRONT ONLY (OBSCURE),EACH,,,
,SOFTLINE - FRAMED 1870 HIGH,SOFTLINE - FRAMED 1870 HIGH,SOFTLINE FRAMED - FRONT & SIDE (CLEAR),EACH,,,
,SOFTLINE - FRAMED 1870 HIGH,SOFTLINE - FRAMED 1870 HIGH,SOFTLINE FRAMED - FRONT & SIDE (TINTED),EACH,,,
,SOFTLINE - FRAMED 1870 HIGH,SOFTLINE - FRAMED 1870 HIGH,SOFTLINE FRAMED - FRONT & SIDE (OBSCURE),EACH,,,
,SOFTLINE - FRAMED 1870 HIGH,SOFTLINE - FRAMED 1870 HIGH,SOFTLINE FRAMED - SPLAYED HOB (CLEAR),EACH,,,
,SOFTLINE - FRAMED 1870 HIGH,SOFTLINE - FRAMED 1870 HIGH,SOFTLINE FRAMED - SPLAYED HOB (TINTED),EACH,,,
,SOFTLINE - FRAMED 1870 HIGH,SOFTLINE - FRAMED 1870 HIGH,SOFTLINE FRAMED - SPLAYED HOB (OBSCURE),EACH,,,
,SOFTLINE - FRAMED 1870 HIGH,SOFTLINE - FRAMED 1870 HIGH,EXTRA WIDTH OVER 1000 - PER 100mm,100mm,,,
,SOFTLINE - FRAMED 1870 HIGH,SOFTLINE - FRAMED 1870 HIGH,EXTRA HEIGHT OVER 1870 - PER 100mm,100mm,,,
,GRANGE -SEMI FRAMELESS,GRANGE -SEMI FRAMELESS,GRANGE - FRONT ONLY (CLEAR),EACH,,,
,GRANGE -SEMI FRAMELESS,GRANGE -SEMI FRAMELESS,GRANGE - FRONT & SIDE (CLEAR),EACH,,,
,GRANGE -SEMI FRAMELESS,GRANGE -SEMI FRAMELESS,GRANGE - SPLAYED HOB (CLEAR),EACH,,,
,GRANGE -SEMI FRAMELESS,GRANGE -SEMI FRAMELESS,EXTRA WIDTH OVER 1000 - PER 100mm,100mm,,,
,GRANGE -SEMI FRAMELESS,GRANGE -SEMI FRAMELESS,EXTRA HEIGHT OVER 1870 - PER 100mm,100mm,,,
,,,,,,,
CODE,ELECTRICAL,ELECTRICAL,ITEM,UNIT,QTY,RATE,TOTAL
,,,,,,,
,POWER POINT AND LIGHT SWITCHES,POWER POINT AND LIGHT SWITCHES,CLIPSAL SLIMLINE,,,,
,CEILING FANS,CEILING FANS,AIRFUSION 3 BLD FAN (NO LIGHT),EACH,,,
,CEILING FANS,CEILING FANS,AIRFUSION 3 BLD FAN (WITH LIGHT),EACH,,,
,CEILING FANS,CEILING FANS,4 BLADE WOODEN BLADE FANS,EACH,,,
,CEILING FANS,CEILING FANS,5 BLADE WOODEN BLADE FANS WITH LIGHT,EACH,,,
,MISC ELECTRICAL FITTINGS,MISC ELECTRICAL FITTINGS,MISC LIGHT FITTINGS,EACH,,,
,MISC ELECTRICAL FITTINGS,MISC ELECTRICAL FITTINGS,EXHAUST FANS,ITEM,,,
,MISC ELECTRICAL FITTINGS,MISC ELECTRICAL FITTINGS,BATHROOM FAN/LIGHT COMBO,ITEM,,,
,MISC ELECTRICAL FITTINGS,MISC ELECTRICAL FITTINGS,IXL TASTIC FAN HEAT LIGHT,ITEM,,,
,,,,,,,
,,,,,,,
,,,,,,,
CODE,FLOORCOVERINGS,FLOORCOVERINGS,ITEM,UNIT,QTY,RATE,TOTAL
,,,,,,,
,CARPETS,CARPETS,Builder Range Carpet,M2,,,
,CARPETS,CARPETS,Mid Range Carpet,M2,,,
,CARPETS,CARPETS,Premium Nylon Carpet,M2,,,
,CARPETS,CARPETS,Wool Blend Carpet,M2,,,
,,,,,,,
,FLOORCOVERINGS,FLOORCOVERINGS,VINYL FLOORING,M2,,,
,,,,,,,
,SOLID TIMBER FLOORING,SOLID TIMBER FLOORING,SOLID TIMBER FLOORING - BASE RANGE,M2,,,
,SOLID TIMBER FLOORING,SOLID TIMBER FLOORING,SOLID TIMBER FLOORING - MID RANGE,M2,,,
,SOLID TIMBER FLOORING,SOLID TIMBER FLOORING,SOLID TIMBER FLOORING - UPPER RANGE,M2,,,
,,,,,,,
,LAMINATED FLOORING,LAMINATED FLOORING,Entry Level Laminate,M2,,,
,LAMINATED FLOORING,LAMINATED FLOORING,Premium Laminate,M2,,,
,,,,,,,
,VINYL FLOORING,VINYL FLOORING,Vinyl Plank Standard,M2,,,
,VINYL FLOORING,VINYL FLOORING,Vinyl Plank Premium,M2,,,
,VINYL FLOORING,VINYL FLOORING,Commercial Vinyl Sheet,M2,,,
,,,,,,,
,HYBRID FLOORING,HYBRID FLOORING,Hybrid Standard,M2,,,
,HYBRID FLOORING,HYBRID FLOORING,Hybrid Premium,M2,,,
,,,,,,,
,ENGINEERED TIMBER,ENGINEERED TIMBER,Standard Oak,M2,,,
,ENGINEERED TIMBER,ENGINEERED TIMBER,Premium Oak,M2,,,
,ENGINEERED TIMBER,ENGINEERED TIMBER,Australian Hardwood,M2,,,
,,,,,,,
,MISC FLOORING,MISC FLOORING,POLISHED CONCRETE,,,,
,,,,,,,
,,,,,,,
,,,,,,,
CODE,MISCELLANEOUS,MISCELLANEOUS,ITEM,UNIT,QTY,RATE,TOTAL
,MISCELLANEOUS,MISCELLANEOUS,security screens,EACH,,,
,MISCELLANEOUS,MISCELLANEOUS,DUCTED VACUUM SYSTEM (3 POINT),ITEM,,,
,MISCELLANEOUS,MISCELLANEOUS,DUCTED VACUUM SYSTEM (4 POINT),ITEM,,,
,MISCELLANEOUS,MISCELLANEOUS,SECURITY SCREENS,QUOTE,,,
,,,,,,,
,,,,,,,
,,,,,,,
CODE,CONCRETE AND LANDSCAPING,CONCRETE AND LANDSCAPING,ITEM,UNIT,QTY,RATE,TOTAL
,CONCRETE AND LANDSCAPING,CONCRETE AND LANDSCAPING,PLAIN CONCRETE DRIVEWAY,M2,,,
,CONCRETE AND LANDSCAPING,CONCRETE AND LANDSCAPING,EXPOSED AGG CONCRETE DRIVEWAY,M2,,,
,CONCRETE AND LANDSCAPING,CONCRETE AND LANDSCAPING,CONCRETE CLOTHESLINE PAD,M2,,,
,CONCRETE AND LANDSCAPING,CONCRETE AND LANDSCAPING,CONCRETE PATHS 1 M WIDE,M2,,,
,CONCRETE AND LANDSCAPING,CONCRETE AND LANDSCAPING,CONCRETE CLOTHESLINE PAD - EXPOSED AGG,M2,,,
,CONCRETE AND LANDSCAPING,CONCRETE AND LANDSCAPING,CONCRETE PATHS 1 M WIDE - EXPOSED AGG,M2,,,
,,,,,,,
,,,,,,,
,,,,,,,
,,,,,,,
CODE,TURF,TURF,ITEM,UNIT,QTY,RATE,TOTAL
,TURF,TURF,IMPORT PREMIUM TOP SOIL,M3,,,
,TURF,TURF,BASIC TURF - SUPPLY AND LAY,M2,,,
,TURF,TURF,PREMIUM TURF - SUPPLY AND LAY,M2,,,
,,,,,,,
,,,,,,,
,,,,,,,
CODE,LANDSCAPING,LANDSCAPING,ITEM,UNIT,QTY,RATE,TOTAL
,RETAINER WALLS,RETAINER WALLS,TIMBER SLEEPER RETAINER WALLS > 1.0m HIGH,LM,,,
,RETAINER WALLS,RETAINER WALLS,TIMBER SLEEPER RETAINER WALLS > 1.5.0m HIGH - ENGINEERED,LM,,,
,RETAINER WALLS,RETAINER WALLS,CONCRETE SLEEP RETAININER WALL > 1.0m HIGH,LM,,,
,RETAINER WALLS,RETAINER WALLS,CONCRETE SLEEP RETAININER WALL > 1.5m HIGH,LM,,,
,RETAINER WALLS,RETAINER WALLS,CONCRETE SLEEP RETAININER WALL > 2.0m HIGH,LM,,,
,LANDSCAPING,LANDSCAPING,CONCRETE DRIVEWAY IN EXPOSED AG,M2,,,
,LANDSCAPING,LANDSCAPING,SITE BATTERS,EACH,,,
,LANDSCAPING,LANDSCAPING,SITE DRAINAGE,ITEM,,,
,LANDSCAPING,LANDSCAPING,BLOCK FENCE PEIRS,EACH,,,
,LANDSCAPING,LANDSCAPING,FRONT FENCE GATES,EACH,,,
,LANDSCAPING,LANDSCAPING,TIMBER SLAT FENCE PANELS,EACH,,,
,LANDSCAPING,LANDSCAPING,STD TIMBER SLAT FENCING,LM,,,
,LANDSCAPING,LANDSCAPING,GATES,EACH,,,
