pack_id,pack_source_row_id,brand,pack_name,pack_price,component_product_id,component_source_row_id,component_family,contains_oven,contains_cooktop,contains_rangehood,contains_dishwasher,contains_microwave,contains_refrigerator,contains_freestanding_cooker,contains_other_appliance_component,unresolved_component_families
pack:appliances:euromaid:euromaid-pack-600mm-electric-cooktop-pack-oven-electric-cooktop-slideout-rangehood-dishwasher,1184,Euromaid,EUROMAID PACK - 600MM ELECTRIC COOKTOP PACK - OVEN / ELECTRIC COOKTOP / SLIDEOUT RANGEHOOD / DISHWASHER,1684,product:appliances:ovens:euromaid:eo605dtb,1180,ovens,true,true,true,true,false,false,false,false,
pack:appliances:euromaid:euromaid-pack-600mm-electric-cooktop-pack-oven-electric-cooktop-slideout-rangehood-dishwasher,1184,Euromaid,EUROMAID PACK - 600MM ELECTRIC COOKTOP PACK - OVEN / ELECTRIC COOKTOP / SLIDEOUT RANGEHOOD / DISHWASHER,1684,product:appliances:cooktops:euromaid:kcs4,1181,cooktops,true,true,true,true,false,false,false,false,
pack:appliances:euromaid:euromaid-pack-600mm-electric-cooktop-pack-oven-electric-cooktop-slideout-rangehood-dishwasher,1184,Euromaid,EUROMAID PACK - 600MM ELECTRIC COOKTOP PACK - OVEN / ELECTRIC COOKTOP / SLIDEOUT RANGEHOOD / DISHWASHER,1684,product:appliances:rangehoods:euromaid:rs6s,1182,rangehoods,true,true,true,true,false,false,false,false,
pack:appliances:euromaid:euromaid-pack-600mm-electric-cooktop-pack-oven-electric-cooktop-slideout-rangehood-dishwasher,1184,Euromaid,EUROMAID PACK - 600MM ELECTRIC COOKTOP PACK - OVEN / ELECTRIC COOKTOP / SLIDEOUT RANGEHOOD / DISHWASHER,1684,product:appliances:dishwashers:euromaid:edw14s,1183,dishwashers,true,true,true,true,false,false,false,false,
pack:appliances:euromaid:euromaid-pack-600mm-electric-cooktop-pack-oven-electric-cooktop-slideout-rangehood-dishwasher,1184,Euromaid,EUROMAID PACK - 600MM ELECTRIC COOKTOP PACK - OVEN / ELECTRIC COOKTOP / SLIDEOUT RANGEHOOD / DISHWASHER,1684,product:appliances:ovens:euromaid:eo605dtb,1185,ovens,true,true,true,true,false,false,false,false,
pack:appliances:euromaid:euromaid-pack-600mm-electric-cooktop-pack-oven-electric-cooktop-slideout-rangehood-dishwasher,1184,Euromaid,EUROMAID PACK - 600MM ELECTRIC COOKTOP PACK - OVEN / ELECTRIC COOKTOP / SLIDEOUT RANGEHOOD / DISHWASHER,1684,product:appliances:cooktops:euromaid:wk60s,1186,cooktops,true,true,true,true,false,false,false,false,
pack:appliances:euromaid:euromaid-pack-600mm-electric-cooktop-pack-oven-electric-cooktop-slideout-rangehood-dishwasher,1184,Euromaid,EUROMAID PACK - 600MM ELECTRIC COOKTOP PACK - OVEN / ELECTRIC COOKTOP / SLIDEOUT RANGEHOOD / DISHWASHER,1684,product:appliances:rangehoods:euromaid:rs6s,1187,rangehoods,true,true,true,true,false,false,false,false,
pack:appliances:euromaid:euromaid-pack-600mm-electric-cooktop-pack-oven-electric-cooktop-slideout-rangehood-dishwasher,1184,Euromaid,EUROMAID PACK - 600MM ELECTRIC COOKTOP PACK - OVEN / ELECTRIC COOKTOP / SLIDEOUT RANGEHOOD / DISHWASHER,1684,product:appliances:dishwashers:euromaid:edw14s,1188,dishwashers,true,true,true,true,false,false,false,false,
pack:appliances:euromaid:euromaid-pack-600mm-gas-cooktop-pack-oven-gas-cooktop-slideout-rangehood-dishwasher,1189,Euromaid,EUROMAID PACK - 600MM GAS COOKTOP PACK - OVEN / GAS COOKTOP / SLIDEOUT RANGEHOOD / DISHWASHER,1598,product:appliances:rangehoods:euromaid:cpt6s,1190,rangehoods,true,true,true,true,false,false,false,false,
pack:appliances:euromaid:euromaid-pack-600mm-gas-cooktop-pack-oven-gas-cooktop-slideout-rangehood-dishwasher,1189,Euromaid,EUROMAID PACK - 600MM GAS COOKTOP PACK - OVEN / GAS COOKTOP / SLIDEOUT RANGEHOOD / DISHWASHER,1598,product:appliances:rangehoods:euromaid:cs60s,1191,rangehoods,true,true,true,true,false,false,false,false,
pack:appliances:euromaid:euromaid-pack-600mm-gas-cooktop-pack-oven-gas-cooktop-slideout-rangehood-dishwasher,1189,Euromaid,EUROMAID PACK - 600MM GAS COOKTOP PACK - OVEN / GAS COOKTOP / SLIDEOUT RANGEHOOD / DISHWASHER,1598,product:appliances:ovens:euromaid:eo916astb,1192,ovens,true,true,true,true,false,false,false,false,
pack:appliances:euromaid:euromaid-pack-600mm-gas-cooktop-pack-oven-gas-cooktop-slideout-rangehood-dishwasher,1189,Euromaid,EUROMAID PACK - 600MM GAS COOKTOP PACK - OVEN / GAS COOKTOP / SLIDEOUT RANGEHOOD / DISHWASHER,1598,product:appliances:cooktops:euromaid:ecck900,1193,cooktops,true,true,true,true,false,false,false,false,
pack:appliances:euromaid:euromaid-pack-600mm-gas-cooktop-pack-oven-gas-cooktop-slideout-rangehood-dishwasher,1189,Euromaid,EUROMAID PACK - 600MM GAS COOKTOP PACK - OVEN / GAS COOKTOP / SLIDEOUT RANGEHOOD / DISHWASHER,1598,product:appliances:rangehoods:euromaid:rs9s,1194,rangehoods,true,true,true,true,false,false,false,false,
pack:appliances:euromaid:euromaid-pack-600mm-gas-cooktop-pack-oven-gas-cooktop-slideout-rangehood-dishwasher,1189,Euromaid,EUROMAID PACK - 600MM GAS COOKTOP PACK - OVEN / GAS COOKTOP / SLIDEOUT RANGEHOOD / DISHWASHER,1598,product:appliances:dishwashers:euromaid:edw14s,1195,dishwashers,true,true,true,true,false,false,false,false,
pack:appliances:euromaid:euromaid-pack-900mm-built-in-electric-cooktop-pack-900-oven-electric-cooktop-900-slideout-rangehood-dishwasher,1196,Euromaid,EUROMAID PACK - 900MM BUILT-IN ELECTRIC COOKTOP PACK - 900 OVEN / ELECTRIC COOKTOP / 900 SLIDEOUT RANGEHOOD / DISHWASHER,3096,product:appliances:ovens:euromaid:eo916astb,1197,ovens,true,true,true,true,false,false,false,false,
pack:appliances:euromaid:euromaid-pack-900mm-built-in-electric-cooktop-pack-900-oven-electric-cooktop-900-slideout-rangehood-dishwasher,1196,Euromaid,EUROMAID PACK - 900MM BUILT-IN ELECTRIC COOKTOP PACK - 900 OVEN / ELECTRIC COOKTOP / 900 SLIDEOUT RANGEHOOD / DISHWASHER,3096,product:appliances:cooktops:euromaid:gc90s,1198,cooktops,true,true,true,true,false,false,false,false,
pack:appliances:euromaid:euromaid-pack-900mm-built-in-electric-cooktop-pack-900-oven-electric-cooktop-900-slideout-rangehood-dishwasher,1196,Euromaid,EUROMAID PACK - 900MM BUILT-IN ELECTRIC COOKTOP PACK - 900 OVEN / ELECTRIC COOKTOP / 900 SLIDEOUT RANGEHOOD / DISHWASHER,3096,product:appliances:rangehoods:euromaid:rs9s,1199,rangehoods,true,true,true,true,false,false,false,false,
pack:appliances:euromaid:euromaid-pack-900mm-built-in-electric-cooktop-pack-900-oven-electric-cooktop-900-slideout-rangehood-dishwasher,1196,Euromaid,EUROMAID PACK - 900MM BUILT-IN ELECTRIC COOKTOP PACK - 900 OVEN / ELECTRIC COOKTOP / 900 SLIDEOUT RANGEHOOD / DISHWASHER,3096,product:appliances:dishwashers:euromaid:edw14s,1200,dishwashers,true,true,true,true,false,false,false,false,
pack:appliances:euromaid:euromaid-pack-900mm-built-in-gas-cooktop-pack-900-oven-gas-cooktop-900-slideout-rangehood-dishwasher,1201,Euromaid,EUROMAID PACK - 900MM BUILT-IN GAS COOKTOP PACK - 900 OVEN / GAS COOKTOP / 900 SLIDEOUT RANGEHOOD / DISHWASHER,2796,product:appliances:freestanding-cookers:euromaid:gg90s,1202,freestanding-cookers,true,true,true,true,false,false,false,false,ovens|cooktops
pack:appliances:euromaid:euromaid-pack-900mm-built-in-gas-cooktop-pack-900-oven-gas-cooktop-900-slideout-rangehood-dishwasher,1201,Euromaid,EUROMAID PACK - 900MM BUILT-IN GAS COOKTOP PACK - 900 OVEN / GAS COOKTOP / 900 SLIDEOUT RANGEHOOD / DISHWASHER,2796,product:appliances:rangehoods:euromaid:cpt9mb,1203,rangehoods,true,true,true,true,false,false,false,false,ovens|cooktops
pack:appliances:euromaid:euromaid-pack-900mm-built-in-gas-cooktop-pack-900-oven-gas-cooktop-900-slideout-rangehood-dishwasher,1201,Euromaid,EUROMAID PACK - 900MM BUILT-IN GAS COOKTOP PACK - 900 OVEN / GAS COOKTOP / 900 SLIDEOUT RANGEHOOD / DISHWASHER,2796,product:appliances:dishwashers:euromaid:edw14s,1204,dishwashers,true,true,true,true,false,false,false,false,ovens|cooktops
pack:appliances:euromaid:euromaid-pack-900mm-upright-cooker-canopy-pack-upright-cooker-900-canopy-rangehood-dishwasher,1205,Euromaid,EUROMAID PACK - 900MM UPRIGHT COOKER CANOPY PACK - UPRIGHT COOKER / 900 CANOPY RANGEHOOD / DISHWASHER,2803,product:appliances:freestanding-cookers:euromaid:gg90s,1206,freestanding-cookers,false,false,true,true,false,false,true,false,
pack:appliances:euromaid:euromaid-pack-900mm-upright-cooker-canopy-pack-upright-cooker-900-canopy-rangehood-dishwasher,1205,Euromaid,EUROMAID PACK - 900MM UPRIGHT COOKER CANOPY PACK - UPRIGHT COOKER / 900 CANOPY RANGEHOOD / DISHWASHER,2803,product:appliances:rangehoods:euromaid:fs90s,1207,rangehoods,false,false,true,true,false,false,true,false,
pack:appliances:euromaid:euromaid-pack-900mm-upright-cooker-canopy-pack-upright-cooker-900-canopy-rangehood-dishwasher,1205,Euromaid,EUROMAID PACK - 900MM UPRIGHT COOKER CANOPY PACK - UPRIGHT COOKER / 900 CANOPY RANGEHOOD / DISHWASHER,2803,product:appliances:dishwashers:euromaid:edw14s,1208,dishwashers,false,false,true,true,false,false,true,false,
pack:appliances:euromaid:euromaid-pack-900mm-upright-cooker-under-cupboard-pack-upright-cooker-900-under-cupboard-rangehood-dishwasher,1209,Euromaid,EUROMAID PACK - 900MM UPRIGHT COOKER UNDER CUPBOARD PACK - UPRIGHT COOKER / 900 UNDER CUPBOARD RANGEHOOD / DISHWASHER,2597,product:appliances:rangehoods:euromaid:cpt9mb,1210,rangehoods,false,false,true,true,false,false,true,false,freestanding-cookers
pack:appliances:euromaid:euromaid-pack-900mm-upright-cooker-under-cupboard-pack-upright-cooker-900-under-cupboard-rangehood-dishwasher,1209,Euromaid,EUROMAID PACK - 900MM UPRIGHT COOKER UNDER CUPBOARD PACK - UPRIGHT COOKER / 900 UNDER CUPBOARD RANGEHOOD / DISHWASHER,2597,product:appliances:rangehoods:euromaid:fs90s,1211,rangehoods,false,false,true,true,false,false,true,false,freestanding-cookers
pack:appliances:euromaid:euromaid-pack-900mm-upright-cooker-under-cupboard-pack-upright-cooker-900-under-cupboard-rangehood-dishwasher,1209,Euromaid,EUROMAID PACK - 900MM UPRIGHT COOKER UNDER CUPBOARD PACK - UPRIGHT COOKER / 900 UNDER CUPBOARD RANGEHOOD / DISHWASHER,2597,product:appliances:dishwashers:euromaid:edw14s,1212,dishwashers,false,false,true,true,false,false,true,false,freestanding-cookers
pack:appliances:omega:omega-pack-900mm-built-in-gas-cooktop-pack-900-oven-gas-cooktop-900-slideout-rangehood-dishwasher,1213,Omega,OMEGA PACK - 900MM BUILT-IN GAS COOKTOP PACK - 900 OVEN / GAS COOKTOP / 900 SLIDEOUT RANGEHOOD / DISHWASHER,2996,product:appliances:ovens:omega:obo660x,1214,ovens,true,true,true,true,false,false,false,false,
pack:appliances:omega:omega-pack-900mm-built-in-gas-cooktop-pack-900-oven-gas-cooktop-900-slideout-rangehood-dishwasher,1213,Omega,OMEGA PACK - 900MM BUILT-IN GAS COOKTOP PACK - 900 OVEN / GAS COOKTOP / 900 SLIDEOUT RANGEHOOD / DISHWASHER,2996,product:appliances:cooktops:omega:oci64z,1215,cooktops,true,true,true,true,false,false,false,false,
pack:appliances:omega:omega-pack-900mm-built-in-gas-cooktop-pack-900-oven-gas-cooktop-900-slideout-rangehood-dishwasher,1213,Omega,OMEGA PACK - 900MM BUILT-IN GAS COOKTOP PACK - 900 OVEN / GAS COOKTOP / 900 SLIDEOUT RANGEHOOD / DISHWASHER,2996,product:appliances:rangehoods:omega:ort6wba,1216,rangehoods,true,true,true,true,false,false,false,false,
pack:appliances:omega:omega-pack-900mm-built-in-gas-cooktop-pack-900-oven-gas-cooktop-900-slideout-rangehood-dishwasher,1213,Omega,OMEGA PACK - 900MM BUILT-IN GAS COOKTOP PACK - 900 OVEN / GAS COOKTOP / 900 SLIDEOUT RANGEHOOD / DISHWASHER,2996,product:appliances:dishwashers:omega:odw702xb,1217,dishwashers,true,true,true,true,false,false,false,false,
pack:appliances:omega:omega-pack-600mm-electric-cooktop-pack-oven-electric-cooktop-slideout-rangehood-dishwasher,1218,Omega,OMEGA PACK - 600MM ELECTRIC COOKTOP PACK - OVEN / ELECTRIC COOKTOP / SLIDEOUT RANGEHOOD / DISHWASHER,2496,product:appliances:ovens:omega:obo660x,1219,ovens,true,true,true,true,false,false,false,false,
pack:appliances:omega:omega-pack-600mm-electric-cooktop-pack-oven-electric-cooktop-slideout-rangehood-dishwasher,1218,Omega,OMEGA PACK - 600MM ELECTRIC COOKTOP PACK - OVEN / ELECTRIC COOKTOP / SLIDEOUT RANGEHOOD / DISHWASHER,2496,product:appliances:cooktops:omega:ocg604x,1220,cooktops,true,true,true,true,false,false,false,false,
pack:appliances:omega:omega-pack-600mm-electric-cooktop-pack-oven-electric-cooktop-slideout-rangehood-dishwasher,1218,Omega,OMEGA PACK - 600MM ELECTRIC COOKTOP PACK - OVEN / ELECTRIC COOKTOP / SLIDEOUT RANGEHOOD / DISHWASHER,2496,product:appliances:rangehoods:omega:ort6wba,1221,rangehoods,true,true,true,true,false,false,false,false,
pack:appliances:omega:omega-pack-600mm-electric-cooktop-pack-oven-electric-cooktop-slideout-rangehood-dishwasher,1218,Omega,OMEGA PACK - 600MM ELECTRIC COOKTOP PACK - OVEN / ELECTRIC COOKTOP / SLIDEOUT RANGEHOOD / DISHWASHER,2496,product:appliances:dishwashers:omega:odw702xb,1222,dishwashers,true,true,true,true,false,false,false,false,
pack:appliances:omega:omega-pack-600mm-gas-cooktop-pack-oven-gas-cooktop-slideout-rangehood-dishwasher,1223,Omega,OMEGA PACK - 600MM GAS COOKTOP PACK - OVEN / GAS COOKTOP / SLIDEOUT RANGEHOOD / DISHWASHER,1996,product:appliances:rangehoods:omega:orc60x,1224,rangehoods,true,true,true,true,false,false,false,false,
pack:appliances:omega:omega-pack-600mm-gas-cooktop-pack-oven-gas-cooktop-slideout-rangehood-dishwasher,1223,Omega,OMEGA PACK - 600MM GAS COOKTOP PACK - OVEN / GAS COOKTOP / SLIDEOUT RANGEHOOD / DISHWASHER,1996,product:appliances:rangehoods:omega:orf60x,1225,rangehoods,true,true,true,true,false,false,false,false,
pack:appliances:omega:omega-pack-600mm-gas-cooktop-pack-oven-gas-cooktop-slideout-rangehood-dishwasher,1223,Omega,OMEGA PACK - 600MM GAS COOKTOP PACK - OVEN / GAS COOKTOP / SLIDEOUT RANGEHOOD / DISHWASHER,1996,product:appliances:ovens:omega:obo960x1,1226,ovens,true,true,true,true,false,false,false,false,
pack:appliances:omega:omega-pack-600mm-gas-cooktop-pack-oven-gas-cooktop-slideout-rangehood-dishwasher,1223,Omega,OMEGA PACK - 600MM GAS COOKTOP PACK - OVEN / GAS COOKTOP / SLIDEOUT RANGEHOOD / DISHWASHER,1996,product:appliances:cooktops:omega:oi90z,1227,cooktops,true,true,true,true,false,false,false,false,
pack:appliances:omega:omega-pack-600mm-gas-cooktop-pack-oven-gas-cooktop-slideout-rangehood-dishwasher,1223,Omega,OMEGA PACK - 600MM GAS COOKTOP PACK - OVEN / GAS COOKTOP / SLIDEOUT RANGEHOOD / DISHWASHER,1996,product:appliances:rangehoods:omega:ort9wxa,1228,rangehoods,true,true,true,true,false,false,false,false,
pack:appliances:omega:omega-pack-600mm-gas-cooktop-pack-oven-gas-cooktop-slideout-rangehood-dishwasher,1223,Omega,OMEGA PACK - 600MM GAS COOKTOP PACK - OVEN / GAS COOKTOP / SLIDEOUT RANGEHOOD / DISHWASHER,1996,product:appliances:dishwashers:omega:odw702xb,1229,dishwashers,true,true,true,true,false,false,false,false,
pack:appliances:omega:omega-pack-900mm-built-in-electric-cooktop-pack-900-oven-electric-cooktop-900-slideout-rangehood-dishwasher,1230,Omega,OMEGA PACK - 900MM BUILT-IN ELECTRIC COOKTOP PACK - 900 OVEN / ELECTRIC COOKTOP / 900 SLIDEOUT RANGEHOOD / DISHWASHER,3696,product:appliances:dishwashers:omega:odw702xb,1231,dishwashers,true,true,true,true,false,false,false,false,ovens|cooktops|rangehoods
pack:appliances:omega:omega-pack-900mm-upright-cooker-canopy-pack-upright-cooker-900-canopy-rangehood-dishwasher,1232,Omega,OMEGA PACK - 900MM UPRIGHT COOKER CANOPY PACK - UPRIGHT COOKER / 900 CANOPY RANGEHOOD / DISHWASHER,3147,product:appliances:freestanding-cookers:omega:of916fx,1233,freestanding-cookers,false,false,true,true,false,false,true,false,
pack:appliances:omega:omega-pack-900mm-upright-cooker-canopy-pack-upright-cooker-900-canopy-rangehood-dishwasher,1232,Omega,OMEGA PACK - 900MM UPRIGHT COOKER CANOPY PACK - UPRIGHT COOKER / 900 CANOPY RANGEHOOD / DISHWASHER,3147,product:appliances:rangehoods:omega:orc90x,1234,rangehoods,false,false,true,true,false,false,true,false,
pack:appliances:omega:omega-pack-900mm-upright-cooker-canopy-pack-upright-cooker-900-canopy-rangehood-dishwasher,1232,Omega,OMEGA PACK - 900MM UPRIGHT COOKER CANOPY PACK - UPRIGHT COOKER / 900 CANOPY RANGEHOOD / DISHWASHER,3147,product:appliances:dishwashers:omega:odw702xb,1235,dishwashers,false,false,true,true,false,false,true,false,
pack:appliances:omega:omega-pack-900mm-upright-cooker-under-cupboard-pack-upright-cooker-900-under-cupboard-rangehood-dishwasher,1236,Omega,OMEGA PACK - 900MM UPRIGHT COOKER UNDER CUPBOARD PACK - UPRIGHT COOKER / 900 UNDER CUPBOARD RANGEHOOD / DISHWASHER,2947,product:appliances:freestanding-cookers:omega:of916fx,1237,freestanding-cookers,false,false,true,true,false,false,true,false,
pack:appliances:omega:omega-pack-900mm-upright-cooker-under-cupboard-pack-upright-cooker-900-under-cupboard-rangehood-dishwasher,1236,Omega,OMEGA PACK - 900MM UPRIGHT COOKER UNDER CUPBOARD PACK - UPRIGHT COOKER / 900 UNDER CUPBOARD RANGEHOOD / DISHWASHER,2947,product:appliances:rangehoods:omega:orf90x,1238,rangehoods,false,false,true,true,false,false,true,false,
pack:appliances:omega:omega-pack-900mm-upright-cooker-under-cupboard-pack-upright-cooker-900-under-cupboard-rangehood-dishwasher,1236,Omega,OMEGA PACK - 900MM UPRIGHT COOKER UNDER CUPBOARD PACK - UPRIGHT COOKER / 900 UNDER CUPBOARD RANGEHOOD / DISHWASHER,2947,product:appliances:dishwashers:omega:odw702xb,1239,dishwashers,false,false,true,true,false,false,true,false,
pack:appliances:omega:omega-pack-900mm-upright-cooker-under-cupboard-pack-upright-cooker-900-under-cupboard-rangehood-dishwasher,1236,Omega,OMEGA PACK - 900MM UPRIGHT COOKER UNDER CUPBOARD PACK - UPRIGHT COOKER / 900 UNDER CUPBOARD RANGEHOOD / DISHWASHER,2947,product:appliances:rangehoods:omega:orc90x,1240,rangehoods,false,false,true,true,false,false,true,false,
pack:appliances:omega:omega-pack-900mm-upright-cooker-under-cupboard-pack-upright-cooker-900-under-cupboard-rangehood-dishwasher,1236,Omega,OMEGA PACK - 900MM UPRIGHT COOKER UNDER CUPBOARD PACK - UPRIGHT COOKER / 900 UNDER CUPBOARD RANGEHOOD / DISHWASHER,2947,product:appliances:rangehoods:omega:orf90x,1241,rangehoods,false,false,true,true,false,false,true,false,
pack:appliances:omega:omega-pack-900mm-upright-cooker-under-cupboard-pack-upright-cooker-900-under-cupboard-rangehood-dishwasher,1236,Omega,OMEGA PACK - 900MM UPRIGHT COOKER UNDER CUPBOARD PACK - UPRIGHT COOKER / 900 UNDER CUPBOARD RANGEHOOD / DISHWASHER,2947,product:appliances:dishwashers:omega:odw702xb,1242,dishwashers,false,false,true,true,false,false,true,false,
pack:appliances:blanco:blanco-pack-600mm-electric-cooktop-pack-oven-electric-cooktop-slideout-rangehood-dishwasher,1247,Blanco,BLANCO PACK - 600MM ELECTRIC COOKTOP PACK - OVEN / ELECTRIC COOKTOP / SLIDEOUT RANGEHOOD / DISHWASHER,2746,product:appliances:ovens:blanco:bose65xm,1243,ovens,true,true,true,true,false,false,false,false,
pack:appliances:blanco:blanco-pack-600mm-electric-cooktop-pack-oven-electric-cooktop-slideout-rangehood-dishwasher,1247,Blanco,BLANCO PACK - 600MM ELECTRIC COOKTOP PACK - OVEN / ELECTRIC COOKTOP / SLIDEOUT RANGEHOOD / DISHWASHER,2746,product:appliances:cooktops:blanco:bcc604t,1244,cooktops,true,true,true,true,false,false,false,false,
pack:appliances:blanco:blanco-pack-600mm-electric-cooktop-pack-oven-electric-cooktop-slideout-rangehood-dishwasher,1247,Blanco,BLANCO PACK - 600MM ELECTRIC COOKTOP PACK - OVEN / ELECTRIC COOKTOP / SLIDEOUT RANGEHOOD / DISHWASHER,2746,product:appliances:rangehoods:blanco:bru53x,1245,rangehoods,true,true,true,true,false,false,false,false,
pack:appliances:blanco:blanco-pack-600mm-electric-cooktop-pack-oven-electric-cooktop-slideout-rangehood-dishwasher,1247,Blanco,BLANCO PACK - 600MM ELECTRIC COOKTOP PACK - OVEN / ELECTRIC COOKTOP / SLIDEOUT RANGEHOOD / DISHWASHER,2746,product:appliances:dishwashers:blanco:bdw146x,1246,dishwashers,true,true,true,true,false,false,false,false,
pack:appliances:blanco:blanco-pack-600mm-electric-cooktop-pack-oven-electric-cooktop-slideout-rangehood-dishwasher,1247,Blanco,BLANCO PACK - 600MM ELECTRIC COOKTOP PACK - OVEN / ELECTRIC COOKTOP / SLIDEOUT RANGEHOOD / DISHWASHER,2746,product:appliances:ovens:blanco:bose65xm,1248,ovens,true,true,true,true,false,false,false,false,
pack:appliances:blanco:blanco-pack-600mm-electric-cooktop-pack-oven-electric-cooktop-slideout-rangehood-dishwasher,1247,Blanco,BLANCO PACK - 600MM ELECTRIC COOKTOP PACK - OVEN / ELECTRIC COOKTOP / SLIDEOUT RANGEHOOD / DISHWASHER,2746,product:appliances:cooktops:blanco:bcg604wx,1249,cooktops,true,true,true,true,false,false,false,false,
pack:appliances:blanco:blanco-pack-600mm-electric-cooktop-pack-oven-electric-cooktop-slideout-rangehood-dishwasher,1247,Blanco,BLANCO PACK - 600MM ELECTRIC COOKTOP PACK - OVEN / ELECTRIC COOKTOP / SLIDEOUT RANGEHOOD / DISHWASHER,2746,product:appliances:rangehoods:blanco:bru53x,1250,rangehoods,true,true,true,true,false,false,false,false,
pack:appliances:blanco:blanco-pack-600mm-electric-cooktop-pack-oven-electric-cooktop-slideout-rangehood-dishwasher,1247,Blanco,BLANCO PACK - 600MM ELECTRIC COOKTOP PACK - OVEN / ELECTRIC COOKTOP / SLIDEOUT RANGEHOOD / DISHWASHER,2746,product:appliances:dishwashers:blanco:bdw146x,1251,dishwashers,true,true,true,true,false,false,false,false,
pack:appliances:blanco:blanco-pack-600mm-electric-cooktop-pack-oven-electric-cooktop-slideout-rangehood-dishwasher,1247,Blanco,BLANCO PACK - 600MM ELECTRIC COOKTOP PACK - OVEN / ELECTRIC COOKTOP / SLIDEOUT RANGEHOOD / DISHWASHER,2746,product:appliances:rangehoods:blanco:brc60x,1252,rangehoods,true,true,true,true,false,false,false,false,
pack:appliances:blanco:blanco-pack-600mm-electric-cooktop-pack-oven-electric-cooktop-slideout-rangehood-dishwasher,1247,Blanco,BLANCO PACK - 600MM ELECTRIC COOKTOP PACK - OVEN / ELECTRIC COOKTOP / SLIDEOUT RANGEHOOD / DISHWASHER,2746,product:appliances:rangehoods:blanco:bru60x,1253,rangehoods,true,true,true,true,false,false,false,false,
pack:appliances:blanco:blanco-pack-600mm-electric-cooktop-pack-oven-electric-cooktop-slideout-rangehood-dishwasher,1247,Blanco,BLANCO PACK - 600MM ELECTRIC COOKTOP PACK - OVEN / ELECTRIC COOKTOP / SLIDEOUT RANGEHOOD / DISHWASHER,2746,product:appliances:ovens:blanco:bose90x,1254,ovens,true,true,true,true,false,false,false,false,
pack:appliances:blanco:blanco-pack-600mm-electric-cooktop-pack-oven-electric-cooktop-slideout-rangehood-dishwasher,1247,Blanco,BLANCO PACK - 600MM ELECTRIC COOKTOP PACK - OVEN / ELECTRIC COOKTOP / SLIDEOUT RANGEHOOD / DISHWASHER,2746,product:appliances:cooktops:blanco:bic90x,1255,cooktops,true,true,true,true,false,false,false,false,
pack:appliances:blanco:blanco-pack-600mm-electric-cooktop-pack-oven-electric-cooktop-slideout-rangehood-dishwasher,1247,Blanco,BLANCO PACK - 600MM ELECTRIC COOKTOP PACK - OVEN / ELECTRIC COOKTOP / SLIDEOUT RANGEHOOD / DISHWASHER,2746,product:appliances:rangehoods:blanco:bru90x,1256,rangehoods,true,true,true,true,false,false,false,false,
pack:appliances:blanco:blanco-pack-600mm-electric-cooktop-pack-oven-electric-cooktop-slideout-rangehood-dishwasher,1247,Blanco,BLANCO PACK - 600MM ELECTRIC COOKTOP PACK - OVEN / ELECTRIC COOKTOP / SLIDEOUT RANGEHOOD / DISHWASHER,2746,product:appliances:dishwashers:blanco:bdw146x,1257,dishwashers,true,true,true,true,false,false,false,false,
pack:appliances:blanco:blanco-pack-900mm-built-in-electric-cooktop-pack-900-oven-electric-cooktop-900-slideout-rangehood-dishwasher,1258,Blanco,BLANCO PACK - 900MM BUILT-IN ELECTRIC COOKTOP PACK - 900 OVEN / ELECTRIC COOKTOP / 900 SLIDEOUT RANGEHOOD / DISHWASHER,4496,product:appliances:ovens:blanco:bose90x,1259,ovens,true,true,true,true,false,false,false,false,
pack:appliances:blanco:blanco-pack-900mm-built-in-electric-cooktop-pack-900-oven-electric-cooktop-900-slideout-rangehood-dishwasher,1258,Blanco,BLANCO PACK - 900MM BUILT-IN ELECTRIC COOKTOP PACK - 900 OVEN / ELECTRIC COOKTOP / 900 SLIDEOUT RANGEHOOD / DISHWASHER,4496,product:appliances:cooktops:blanco:bcg905wx,1260,cooktops,true,true,true,true,false,false,false,false,
pack:appliances:blanco:blanco-pack-900mm-built-in-electric-cooktop-pack-900-oven-electric-cooktop-900-slideout-rangehood-dishwasher,1258,Blanco,BLANCO PACK - 900MM BUILT-IN ELECTRIC COOKTOP PACK - 900 OVEN / ELECTRIC COOKTOP / 900 SLIDEOUT RANGEHOOD / DISHWASHER,4496,product:appliances:rangehoods:blanco:bru90x,1261,rangehoods,true,true,true,true,false,false,false,false,
pack:appliances:blanco:blanco-pack-900mm-built-in-electric-cooktop-pack-900-oven-electric-cooktop-900-slideout-rangehood-dishwasher,1258,Blanco,BLANCO PACK - 900MM BUILT-IN ELECTRIC COOKTOP PACK - 900 OVEN / ELECTRIC COOKTOP / 900 SLIDEOUT RANGEHOOD / DISHWASHER,4496,product:appliances:dishwashers:blanco:bdw146x,1262,dishwashers,true,true,true,true,false,false,false,false,
pack:appliances:blanco:blanco-pack-900mm-built-in-gas-cooktop-pack-900-oven-gas-cooktop-900-slideout-rangehood-dishwasher,1263,Blanco,BLANCO PACK - 900MM BUILT-IN GAS COOKTOP PACK - 900 OVEN / GAS COOKTOP / 900 SLIDEOUT RANGEHOOD / DISHWASHER,3896,product:appliances:freestanding-cookers:blanco:bfs90wx,1264,freestanding-cookers,true,true,true,true,false,false,false,false,ovens|cooktops
pack:appliances:blanco:blanco-pack-900mm-built-in-gas-cooktop-pack-900-oven-gas-cooktop-900-slideout-rangehood-dishwasher,1263,Blanco,BLANCO PACK - 900MM BUILT-IN GAS COOKTOP PACK - 900 OVEN / GAS COOKTOP / 900 SLIDEOUT RANGEHOOD / DISHWASHER,3896,product:appliances:rangehoods:blanco:brc90x,1265,rangehoods,true,true,true,true,false,false,false,false,ovens|cooktops
pack:appliances:blanco:blanco-pack-900mm-built-in-gas-cooktop-pack-900-oven-gas-cooktop-900-slideout-rangehood-dishwasher,1263,Blanco,BLANCO PACK - 900MM BUILT-IN GAS COOKTOP PACK - 900 OVEN / GAS COOKTOP / 900 SLIDEOUT RANGEHOOD / DISHWASHER,3896,product:appliances:dishwashers:blanco:bdw146x,1266,dishwashers,true,true,true,true,false,false,false,false,ovens|cooktops
pack:appliances:blanco:blanco-pack-900mm-upright-cooker-canopy-pack-upright-cooker-900-canopy-rangehood-dishwasher,1267,Blanco,BLANCO PACK - 900MM UPRIGHT COOKER CANOPY PACK - UPRIGHT COOKER / 900 CANOPY RANGEHOOD / DISHWASHER,4097,product:appliances:freestanding-cookers:blanco:bfs90wx,1268,freestanding-cookers,false,false,true,true,false,false,true,false,
pack:appliances:blanco:blanco-pack-900mm-upright-cooker-canopy-pack-upright-cooker-900-canopy-rangehood-dishwasher,1267,Blanco,BLANCO PACK - 900MM UPRIGHT COOKER CANOPY PACK - UPRIGHT COOKER / 900 CANOPY RANGEHOOD / DISHWASHER,4097,product:appliances:rangehoods:blanco:bru90ux,1269,rangehoods,false,false,true,true,false,false,true,false,
pack:appliances:blanco:blanco-pack-900mm-upright-cooker-canopy-pack-upright-cooker-900-canopy-rangehood-dishwasher,1267,Blanco,BLANCO PACK - 900MM UPRIGHT COOKER CANOPY PACK - UPRIGHT COOKER / 900 CANOPY RANGEHOOD / DISHWASHER,4097,product:appliances:dishwashers:blanco:bdw146x,1270,dishwashers,false,false,true,true,false,false,true,false,
pack:appliances:blanco:blanco-pack-900mm-upright-cooker-under-cupboard-pack-upright-cooker-900-under-cupboard-rangehood-dishwasher,1271,Blanco,BLANCO PACK - 900MM UPRIGHT COOKER UNDER CUPBOARD PACK - UPRIGHT COOKER / 900 UNDER CUPBOARD RANGEHOOD / DISHWASHER,4197,product:appliances:rangehoods:blanco:brc90x,1272,rangehoods,false,false,true,true,false,false,true,false,freestanding-cookers
pack:appliances:blanco:blanco-pack-900mm-upright-cooker-under-cupboard-pack-upright-cooker-900-under-cupboard-rangehood-dishwasher,1271,Blanco,BLANCO PACK - 900MM UPRIGHT COOKER UNDER CUPBOARD PACK - UPRIGHT COOKER / 900 UNDER CUPBOARD RANGEHOOD / DISHWASHER,4197,product:appliances:rangehoods:blanco:bru90ux,1273,rangehoods,false,false,true,true,false,false,true,false,freestanding-cookers
pack:appliances:blanco:blanco-pack-900mm-upright-cooker-under-cupboard-pack-upright-cooker-900-under-cupboard-rangehood-dishwasher,1271,Blanco,BLANCO PACK - 900MM UPRIGHT COOKER UNDER CUPBOARD PACK - UPRIGHT COOKER / 900 UNDER CUPBOARD RANGEHOOD / DISHWASHER,4197,product:appliances:dishwashers:blanco:bdw146x,1274,dishwashers,false,false,true,true,false,false,true,false,freestanding-cookers
pack:appliances:ariston:ariston-pack-600mm-electric-cooktop-pack-oven-electric-cooktop-slideout-rangehood-dishwasher,1279,Ariston,ARISTON PACK - 600MM ELECTRIC COOKTOP PACK - OVEN / ELECTRIC COOKTOP / SLIDEOUT RANGEHOOD / DISHWASHER,3096,product:appliances:ovens:ariston:fa5834hixaaus,1275,ovens,true,true,true,true,false,false,false,false,
pack:appliances:ariston:ariston-pack-600mm-electric-cooktop-pack-oven-electric-cooktop-slideout-rangehood-dishwasher,1279,Ariston,ARISTON PACK - 600MM ELECTRIC COOKTOP PACK - OVEN / ELECTRIC COOKTOP / SLIDEOUT RANGEHOOD / DISHWASHER,3096,product:appliances:cooktops:ariston:pf604ix,1276,cooktops,true,true,true,true,false,false,false,false,
pack:appliances:ariston:ariston-pack-600mm-electric-cooktop-pack-oven-electric-cooktop-slideout-rangehood-dishwasher,1279,Ariston,ARISTON PACK - 600MM ELECTRIC COOKTOP PACK - OVEN / ELECTRIC COOKTOP / SLIDEOUT RANGEHOOD / DISHWASHER,3096,product:appliances:rangehoods:ariston:arhs60x,1277,rangehoods,true,true,true,true,false,false,false,false,
pack:appliances:ariston:ariston-pack-600mm-electric-cooktop-pack-oven-electric-cooktop-slideout-rangehood-dishwasher,1279,Ariston,ARISTON PACK - 600MM ELECTRIC COOKTOP PACK - OVEN / ELECTRIC COOKTOP / SLIDEOUT RANGEHOOD / DISHWASHER,3096,product:appliances:dishwashers:ariston:lfo3c23wf,1278,dishwashers,true,true,true,true,false,false,false,false,
pack:appliances:ariston:ariston-pack-600mm-electric-cooktop-pack-oven-electric-cooktop-slideout-rangehood-dishwasher,1279,Ariston,ARISTON PACK - 600MM ELECTRIC COOKTOP PACK - OVEN / ELECTRIC COOKTOP / SLIDEOUT RANGEHOOD / DISHWASHER,3096,product:appliances:cooktops:ariston:pkq-755-d-gh-aus,1280,cooktops,true,true,true,true,false,false,false,false,
pack:appliances:ariston:ariston-pack-600mm-electric-cooktop-pack-oven-electric-cooktop-slideout-rangehood-dishwasher,1279,Ariston,ARISTON PACK - 600MM ELECTRIC COOKTOP PACK - OVEN / ELECTRIC COOKTOP / SLIDEOUT RANGEHOOD / DISHWASHER,3096,product:appliances:rangehoods:ariston:arhs90x,1281,rangehoods,true,true,true,true,false,false,false,false,
pack:appliances:ariston:ariston-pack-600mm-electric-cooktop-pack-oven-electric-cooktop-slideout-rangehood-dishwasher,1279,Ariston,ARISTON PACK - 600MM ELECTRIC COOKTOP PACK - OVEN / ELECTRIC COOKTOP / SLIDEOUT RANGEHOOD / DISHWASHER,3096,product:appliances:dishwashers:ariston:lfo3c23wf,1282,dishwashers,true,true,true,true,false,false,false,false,
pack:appliances:ariston:ariston-pack-600mm-electric-cooktop-pack-oven-electric-cooktop-slideout-rangehood-dishwasher,1279,Ariston,ARISTON PACK - 600MM ELECTRIC COOKTOP PACK - OVEN / ELECTRIC COOKTOP / SLIDEOUT RANGEHOOD / DISHWASHER,3096,product:appliances:ovens:ariston:fa5834hixaaus,1283,ovens,true,true,true,true,false,false,false,false,
pack:appliances:ariston:ariston-pack-600mm-electric-cooktop-pack-oven-electric-cooktop-slideout-rangehood-dishwasher,1279,Ariston,ARISTON PACK - 600MM ELECTRIC COOKTOP PACK - OVEN / ELECTRIC COOKTOP / SLIDEOUT RANGEHOOD / DISHWASHER,3096,product:appliances:cooktops:ariston:pc640ntx,1284,cooktops,true,true,true,true,false,false,false,false,
pack:appliances:ariston:ariston-pack-600mm-electric-cooktop-pack-oven-electric-cooktop-slideout-rangehood-dishwasher,1279,Ariston,ARISTON PACK - 600MM ELECTRIC COOKTOP PACK - OVEN / ELECTRIC COOKTOP / SLIDEOUT RANGEHOOD / DISHWASHER,3096,product:appliances:rangehoods:ariston:arhs60x,1285,rangehoods,true,true,true,true,false,false,false,false,
pack:appliances:ariston:ariston-pack-600mm-electric-cooktop-pack-oven-electric-cooktop-slideout-rangehood-dishwasher,1279,Ariston,ARISTON PACK - 600MM ELECTRIC COOKTOP PACK - OVEN / ELECTRIC COOKTOP / SLIDEOUT RANGEHOOD / DISHWASHER,3096,product:appliances:dishwashers:ariston:lfo3c23wf,1286,dishwashers,true,true,true,true,false,false,false,false,
pack:appliances:ariston:ariston-pack-600mm-gas-cooktop-pack-oven-gas-cooktop-slideout-rangehood-dishwasher,1287,Ariston,ARISTON PACK - 600MM GAS COOKTOP PACK - OVEN / GAS COOKTOP / SLIDEOUT RANGEHOOD / DISHWASHER,3096,product:appliances:rangehoods:ariston:arhc60x,1288,rangehoods,true,true,true,true,false,false,false,false,
pack:appliances:ariston:ariston-pack-600mm-gas-cooktop-pack-oven-gas-cooktop-slideout-rangehood-dishwasher,1287,Ariston,ARISTON PACK - 600MM GAS COOKTOP PACK - OVEN / GAS COOKTOP / SLIDEOUT RANGEHOOD / DISHWASHER,3096,product:appliances:rangehoods:ariston:aru60x,1289,rangehoods,true,true,true,true,false,false,false,false,
pack:appliances:ariston:ariston-pack-600mm-gas-cooktop-pack-oven-gas-cooktop-slideout-rangehood-dishwasher,1287,Ariston,ARISTON PACK - 600MM GAS COOKTOP PACK - OVEN / GAS COOKTOP / SLIDEOUT RANGEHOOD / DISHWASHER,3096,product:appliances:ovens:ariston:fi9-891-sp-ix-a-aus,1290,ovens,true,true,true,true,false,false,false,false,
pack:appliances:ariston:ariston-pack-600mm-gas-cooktop-pack-oven-gas-cooktop-slideout-rangehood-dishwasher,1287,Ariston,ARISTON PACK - 600MM GAS COOKTOP PACK - OVEN / GAS COOKTOP / SLIDEOUT RANGEHOOD / DISHWASHER,3096,product:appliances:cooktops:ariston:nio-844-do-b-aus,1291,cooktops,true,true,true,true,false,false,false,false,
pack:appliances:ariston:ariston-pack-600mm-gas-cooktop-pack-oven-gas-cooktop-slideout-rangehood-dishwasher,1287,Ariston,ARISTON PACK - 600MM GAS COOKTOP PACK - OVEN / GAS COOKTOP / SLIDEOUT RANGEHOOD / DISHWASHER,3096,product:appliances:rangehoods:ariston:arhs90x,1292,rangehoods,true,true,true,true,false,false,false,false,
pack:appliances:ariston:ariston-pack-600mm-gas-cooktop-pack-oven-gas-cooktop-slideout-rangehood-dishwasher,1287,Ariston,ARISTON PACK - 600MM GAS COOKTOP PACK - OVEN / GAS COOKTOP / SLIDEOUT RANGEHOOD / DISHWASHER,3096,product:appliances:dishwashers:ariston:lfo3c23wf,1293,dishwashers,true,true,true,true,false,false,false,false,
pack:appliances:ariston:ariston-pack-900mm-built-in-electric-cooktop-pack-900-oven-electric-cooktop-900-slideout-rangehood-dishwasher,1294,Ariston,ARISTON PACK - 900MM BUILT-IN ELECTRIC COOKTOP PACK - 900 OVEN / ELECTRIC COOKTOP / 900 SLIDEOUT RANGEHOOD / DISHWASHER,4596,product:appliances:ovens:ariston:fi9-891-sp-ix-a-aus,1295,ovens,true,true,true,true,false,false,false,false,cooktops|rangehoods|dishwashers
pack:appliances:ariston:ariston-pack-900mm-built-in-gas-cooktop-pack-900-oven-gas-cooktop-900-slideout-rangehood-dishwasher,1296,Ariston,ARISTON PACK - 900MM BUILT-IN GAS COOKTOP PACK - 900 OVEN / GAS COOKTOP / 900 SLIDEOUT RANGEHOOD / DISHWASHER,4196,product:appliances:freestanding-cookers:ariston:cp059mdx,1297,freestanding-cookers,true,true,true,true,false,false,false,false,ovens|cooktops
pack:appliances:ariston:ariston-pack-900mm-built-in-gas-cooktop-pack-900-oven-gas-cooktop-900-slideout-rangehood-dishwasher,1296,Ariston,ARISTON PACK - 900MM BUILT-IN GAS COOKTOP PACK - 900 OVEN / GAS COOKTOP / 900 SLIDEOUT RANGEHOOD / DISHWASHER,4196,product:appliances:rangehoods:ariston:arhc90x,1298,rangehoods,true,true,true,true,false,false,false,false,ovens|cooktops
pack:appliances:ariston:ariston-pack-900mm-built-in-gas-cooktop-pack-900-oven-gas-cooktop-900-slideout-rangehood-dishwasher,1296,Ariston,ARISTON PACK - 900MM BUILT-IN GAS COOKTOP PACK - 900 OVEN / GAS COOKTOP / 900 SLIDEOUT RANGEHOOD / DISHWASHER,4196,product:appliances:dishwashers:ariston:lfo3c23wf,1299,dishwashers,true,true,true,true,false,false,false,false,ovens|cooktops
pack:appliances:ariston:ariston-pack-900mm-upright-cooker-canopy-pack-upright-cooker-900-canopy-rangehood-dishwasher,1300,Ariston,ARISTON PACK - 900MM UPRIGHT COOKER CANOPY PACK - UPRIGHT COOKER / 900 CANOPY RANGEHOOD / DISHWASHER,4397,product:appliances:freestanding-cookers:ariston:cp059mdx,1301,freestanding-cookers,false,false,true,true,false,false,true,false,
pack:appliances:ariston:ariston-pack-900mm-upright-cooker-canopy-pack-upright-cooker-900-canopy-rangehood-dishwasher,1300,Ariston,ARISTON PACK - 900MM UPRIGHT COOKER CANOPY PACK - UPRIGHT COOKER / 900 CANOPY RANGEHOOD / DISHWASHER,4397,product:appliances:rangehoods:ariston:aru90x,1302,rangehoods,false,false,true,true,false,false,true,false,
pack:appliances:ariston:ariston-pack-900mm-upright-cooker-canopy-pack-upright-cooker-900-canopy-rangehood-dishwasher,1300,Ariston,ARISTON PACK - 900MM UPRIGHT COOKER CANOPY PACK - UPRIGHT COOKER / 900 CANOPY RANGEHOOD / DISHWASHER,4397,product:appliances:dishwashers:ariston:lfo3c23wf,1303,dishwashers,false,false,true,true,false,false,true,false,
pack:appliances:ariston:ariston-pack-900mm-upright-cooker-under-cupboard-pack-upright-cooker-900-under-cupboard-rangehood-dishwasher,1304,Ariston,ARISTON PACK - 900MM UPRIGHT COOKER UNDER CUPBOARD PACK - UPRIGHT COOKER / 900 UNDER CUPBOARD RANGEHOOD / DISHWASHER,4197,product:appliances:rangehoods:ariston:arhc90x,1305,rangehoods,false,false,true,true,false,false,true,false,freestanding-cookers
pack:appliances:ariston:ariston-pack-900mm-upright-cooker-under-cupboard-pack-upright-cooker-900-under-cupboard-rangehood-dishwasher,1304,Ariston,ARISTON PACK - 900MM UPRIGHT COOKER UNDER CUPBOARD PACK - UPRIGHT COOKER / 900 UNDER CUPBOARD RANGEHOOD / DISHWASHER,4197,product:appliances:rangehoods:ariston:aru90x,1306,rangehoods,false,false,true,true,false,false,true,false,freestanding-cookers
pack:appliances:ariston:ariston-pack-900mm-upright-cooker-under-cupboard-pack-upright-cooker-900-under-cupboard-rangehood-dishwasher,1304,Ariston,ARISTON PACK - 900MM UPRIGHT COOKER UNDER CUPBOARD PACK - UPRIGHT COOKER / 900 UNDER CUPBOARD RANGEHOOD / DISHWASHER,4197,product:appliances:dishwashers:ariston:lfo3c23wf,1307,dishwashers,false,false,true,true,false,false,true,false,freestanding-cookers
pack:appliances:westinghouse:westinghouse-pack-600mm-electric-cooktop-pack-oven-electric-cooktop-slideout-rangehood-dishwasher,1312,Westinghouse,WESTINGHOUSE PACK - 600MM ELECTRIC COOKTOP PACK - OVEN / ELECTRIC COOKTOP / SLIDEOUT RANGEHOOD / DISHWASHER,2746,product:appliances:ovens:westinghouse:wve6314dd,1308,ovens,true,true,true,true,false,false,false,false,
pack:appliances:westinghouse:westinghouse-pack-600mm-electric-cooktop-pack-oven-electric-cooktop-slideout-rangehood-dishwasher,1312,Westinghouse,WESTINGHOUSE PACK - 600MM ELECTRIC COOKTOP PACK - OVEN / ELECTRIC COOKTOP / SLIDEOUT RANGEHOOD / DISHWASHER,2746,product:appliances:cooktops:westinghouse:whc642bc,1309,cooktops,true,true,true,true,false,false,false,false,
pack:appliances:westinghouse:westinghouse-pack-600mm-electric-cooktop-pack-oven-electric-cooktop-slideout-rangehood-dishwasher,1312,Westinghouse,WESTINGHOUSE PACK - 600MM ELECTRIC COOKTOP PACK - OVEN / ELECTRIC COOKTOP / SLIDEOUT RANGEHOOD / DISHWASHER,2746,product:appliances:rangehoods:westinghouse:wrr614sb,1310,rangehoods,true,true,true,true,false,false,false,false,
pack:appliances:westinghouse:westinghouse-pack-600mm-electric-cooktop-pack-oven-electric-cooktop-slideout-rangehood-dishwasher,1312,Westinghouse,WESTINGHOUSE PACK - 600MM ELECTRIC COOKTOP PACK - OVEN / ELECTRIC COOKTOP / SLIDEOUT RANGEHOOD / DISHWASHER,2746,product:appliances:dishwashers:westinghouse:wsf6606x,1311,dishwashers,true,true,true,true,false,false,false,false,
pack:appliances:westinghouse:westinghouse-pack-600mm-electric-cooktop-pack-oven-electric-cooktop-slideout-rangehood-dishwasher,1312,Westinghouse,WESTINGHOUSE PACK - 600MM ELECTRIC COOKTOP PACK - OVEN / ELECTRIC COOKTOP / SLIDEOUT RANGEHOOD / DISHWASHER,2746,product:appliances:ovens:westinghouse:wve6314dd,1313,ovens,true,true,true,true,false,false,false,false,
pack:appliances:westinghouse:westinghouse-pack-600mm-electric-cooktop-pack-oven-electric-cooktop-slideout-rangehood-dishwasher,1312,Westinghouse,WESTINGHOUSE PACK - 600MM ELECTRIC COOKTOP PACK - OVEN / ELECTRIC COOKTOP / SLIDEOUT RANGEHOOD / DISHWASHER,2746,product:appliances:cooktops:westinghouse:whg644sc,1314,cooktops,true,true,true,true,false,false,false,false,
pack:appliances:westinghouse:westinghouse-pack-600mm-electric-cooktop-pack-oven-electric-cooktop-slideout-rangehood-dishwasher,1312,Westinghouse,WESTINGHOUSE PACK - 600MM ELECTRIC COOKTOP PACK - OVEN / ELECTRIC COOKTOP / SLIDEOUT RANGEHOOD / DISHWASHER,2746,product:appliances:rangehoods:westinghouse:wrr614sb,1315,rangehoods,true,true,true,true,false,false,false,false,
pack:appliances:westinghouse:westinghouse-pack-600mm-electric-cooktop-pack-oven-electric-cooktop-slideout-rangehood-dishwasher,1312,Westinghouse,WESTINGHOUSE PACK - 600MM ELECTRIC COOKTOP PACK - OVEN / ELECTRIC COOKTOP / SLIDEOUT RANGEHOOD / DISHWASHER,2746,product:appliances:dishwashers:westinghouse:wsf6606x,1316,dishwashers,true,true,true,true,false,false,false,false,
pack:appliances:westinghouse:westinghouse-pack-600mm-gas-cooktop-pack-oven-gas-cooktop-slideout-rangehood-dishwasher,1317,Westinghouse,WESTINGHOUSE PACK - 600MM GAS COOKTOP PACK - OVEN / GAS COOKTOP / SLIDEOUT RANGEHOOD / DISHWASHER,2746,product:appliances:rangehoods:westinghouse:wrc614sd,1318,rangehoods,true,true,true,true,false,false,false,false,
pack:appliances:westinghouse:westinghouse-pack-600mm-gas-cooktop-pack-oven-gas-cooktop-slideout-rangehood-dishwasher,1317,Westinghouse,WESTINGHOUSE PACK - 600MM GAS COOKTOP PACK - OVEN / GAS COOKTOP / SLIDEOUT RANGEHOOD / DISHWASHER,2746,product:appliances:rangehoods:westinghouse:wrf610wa,1319,rangehoods,true,true,true,true,false,false,false,false,
pack:appliances:westinghouse:westinghouse-pack-600mm-gas-cooktop-pack-oven-gas-cooktop-slideout-rangehood-dishwasher,1317,Westinghouse,WESTINGHOUSE PACK - 600MM GAS COOKTOP PACK - OVEN / GAS COOKTOP / SLIDEOUT RANGEHOOD / DISHWASHER,2746,product:appliances:ovens:westinghouse:wve916sc,1320,ovens,true,true,true,true,false,false,false,false,
pack:appliances:westinghouse:westinghouse-pack-600mm-gas-cooktop-pack-oven-gas-cooktop-slideout-rangehood-dishwasher,1317,Westinghouse,WESTINGHOUSE PACK - 600MM GAS COOKTOP PACK - OVEN / GAS COOKTOP / SLIDEOUT RANGEHOOD / DISHWASHER,2746,product:appliances:cooktops:westinghouse:whi955bd,1321,cooktops,true,true,true,true,false,false,false,false,
pack:appliances:westinghouse:westinghouse-pack-600mm-gas-cooktop-pack-oven-gas-cooktop-slideout-rangehood-dishwasher,1317,Westinghouse,WESTINGHOUSE PACK - 600MM GAS COOKTOP PACK - OVEN / GAS COOKTOP / SLIDEOUT RANGEHOOD / DISHWASHER,2746,product:appliances:rangehoods:westinghouse:wri930sb,1322,rangehoods,true,true,true,true,false,false,false,false,
pack:appliances:westinghouse:westinghouse-pack-600mm-gas-cooktop-pack-oven-gas-cooktop-slideout-rangehood-dishwasher,1317,Westinghouse,WESTINGHOUSE PACK - 600MM GAS COOKTOP PACK - OVEN / GAS COOKTOP / SLIDEOUT RANGEHOOD / DISHWASHER,2746,product:appliances:dishwashers:westinghouse:wsf6606x,1323,dishwashers,true,true,true,true,false,false,false,false,
pack:appliances:westinghouse:westinghouse-pack-900mm-built-in-electric-cooktop-pack-900-oven-electric-cooktop-900-slideout-rangehood-dishwasher,1324,Westinghouse,WESTINGHOUSE PACK - 900MM BUILT-IN ELECTRIC COOKTOP PACK - 900 OVEN / ELECTRIC COOKTOP / 900 SLIDEOUT RANGEHOOD / DISHWASHER,5196,product:appliances:ovens:westinghouse:wve916sc,1325,ovens,true,true,true,true,false,false,false,false,
pack:appliances:westinghouse:westinghouse-pack-900mm-built-in-electric-cooktop-pack-900-oven-electric-cooktop-900-slideout-rangehood-dishwasher,1324,Westinghouse,WESTINGHOUSE PACK - 900MM BUILT-IN ELECTRIC COOKTOP PACK - 900 OVEN / ELECTRIC COOKTOP / 900 SLIDEOUT RANGEHOOD / DISHWASHER,5196,product:appliances:cooktops:westinghouse:whg958sc,1326,cooktops,true,true,true,true,false,false,false,false,
pack:appliances:westinghouse:westinghouse-pack-900mm-built-in-electric-cooktop-pack-900-oven-electric-cooktop-900-slideout-rangehood-dishwasher,1324,Westinghouse,WESTINGHOUSE PACK - 900MM BUILT-IN ELECTRIC COOKTOP PACK - 900 OVEN / ELECTRIC COOKTOP / 900 SLIDEOUT RANGEHOOD / DISHWASHER,5196,product:appliances:rangehoods:westinghouse:wri930sb,1327,rangehoods,true,true,true,true,false,false,false,false,
pack:appliances:westinghouse:westinghouse-pack-900mm-built-in-electric-cooktop-pack-900-oven-electric-cooktop-900-slideout-rangehood-dishwasher,1324,Westinghouse,WESTINGHOUSE PACK - 900MM BUILT-IN ELECTRIC COOKTOP PACK - 900 OVEN / ELECTRIC COOKTOP / 900 SLIDEOUT RANGEHOOD / DISHWASHER,5196,product:appliances:dishwashers:westinghouse:wsf6606x,1328,dishwashers,true,true,true,true,false,false,false,false,
pack:appliances:westinghouse:westinghouse-pack-900mm-built-in-gas-cooktop-pack-900-oven-gas-cooktop-900-slideout-rangehood-dishwasher,1329,Westinghouse,WESTINGHOUSE PACK - 900MM BUILT-IN GAS COOKTOP PACK - 900 OVEN / GAS COOKTOP / 900 SLIDEOUT RANGEHOOD / DISHWASHER,4496,product:appliances:freestanding-cookers:westinghouse:wfe9515sd,1330,freestanding-cookers,true,true,true,true,false,false,false,false,ovens|cooktops
pack:appliances:westinghouse:westinghouse-pack-900mm-built-in-gas-cooktop-pack-900-oven-gas-cooktop-900-slideout-rangehood-dishwasher,1329,Westinghouse,WESTINGHOUSE PACK - 900MM BUILT-IN GAS COOKTOP PACK - 900 OVEN / GAS COOKTOP / 900 SLIDEOUT RANGEHOOD / DISHWASHER,4496,product:appliances:rangehoods:westinghouse:wrc914sd,1331,rangehoods,true,true,true,true,false,false,false,false,ovens|cooktops
pack:appliances:westinghouse:westinghouse-pack-900mm-built-in-gas-cooktop-pack-900-oven-gas-cooktop-900-slideout-rangehood-dishwasher,1329,Westinghouse,WESTINGHOUSE PACK - 900MM BUILT-IN GAS COOKTOP PACK - 900 OVEN / GAS COOKTOP / 900 SLIDEOUT RANGEHOOD / DISHWASHER,4496,product:appliances:dishwashers:westinghouse:wsf6606x,1332,dishwashers,true,true,true,true,false,false,false,false,ovens|cooktops
pack:appliances:westinghouse:westinghouse-pack-900mm-upright-cooker-canopy-pack-upright-cooker-900-canopy-rangehood-dishwasher,1333,Westinghouse,WESTINGHOUSE PACK - 900MM UPRIGHT COOKER CANOPY PACK - UPRIGHT COOKER / 900 CANOPY RANGEHOOD / DISHWASHER,2842,product:appliances:freestanding-cookers:westinghouse:wfe9515sd,1334,freestanding-cookers,false,false,true,true,false,false,true,false,
pack:appliances:westinghouse:westinghouse-pack-900mm-upright-cooker-canopy-pack-upright-cooker-900-canopy-rangehood-dishwasher,1333,Westinghouse,WESTINGHOUSE PACK - 900MM UPRIGHT COOKER CANOPY PACK - UPRIGHT COOKER / 900 CANOPY RANGEHOOD / DISHWASHER,2842,product:appliances:rangehoods:westinghouse:wrf910wa,1335,rangehoods,false,false,true,true,false,false,true,false,
pack:appliances:westinghouse:westinghouse-pack-900mm-upright-cooker-canopy-pack-upright-cooker-900-canopy-rangehood-dishwasher,1333,Westinghouse,WESTINGHOUSE PACK - 900MM UPRIGHT COOKER CANOPY PACK - UPRIGHT COOKER / 900 CANOPY RANGEHOOD / DISHWASHER,2842,product:appliances:dishwashers:westinghouse:wsf6606x,1336,dishwashers,false,false,true,true,false,false,true,false,
pack:appliances:westinghouse:westinghouse-pack-900mm-upright-cooker-under-cupboard-pack-upright-cooker-900-under-cupboard-rangehood-dishwasher,1337,Westinghouse,WESTINGHOUSE PACK - 900MM UPRIGHT COOKER UNDER CUPBOARD PACK - UPRIGHT COOKER / 900 UNDER CUPBOARD RANGEHOOD / DISHWASHER,2541,product:appliances:rangehoods:westinghouse:wrc914sd,1338,rangehoods,false,false,true,true,false,false,true,false,freestanding-cookers
pack:appliances:westinghouse:westinghouse-pack-900mm-upright-cooker-under-cupboard-pack-upright-cooker-900-under-cupboard-rangehood-dishwasher,1337,Westinghouse,WESTINGHOUSE PACK - 900MM UPRIGHT COOKER UNDER CUPBOARD PACK - UPRIGHT COOKER / 900 UNDER CUPBOARD RANGEHOOD / DISHWASHER,2541,product:appliances:rangehoods:westinghouse:wrf910wa,1339,rangehoods,false,false,true,true,false,false,true,false,freestanding-cookers
pack:appliances:westinghouse:westinghouse-pack-900mm-upright-cooker-under-cupboard-pack-upright-cooker-900-under-cupboard-rangehood-dishwasher,1337,Westinghouse,WESTINGHOUSE PACK - 900MM UPRIGHT COOKER UNDER CUPBOARD PACK - UPRIGHT COOKER / 900 UNDER CUPBOARD RANGEHOOD / DISHWASHER,2541,product:appliances:dishwashers:westinghouse:wsf6606x,1340,dishwashers,false,false,true,true,false,false,true,false,freestanding-cookers
pack:appliances:smeg:smeg-pack-600mm-electric-cooktop-pack-oven-electric-cooktop-slideout-rangehood-dishwasher,1345,Smeg,SMEG PACK - 600MM ELECTRIC COOKTOP PACK - OVEN / ELECTRIC COOKTOP / SLIDEOUT RANGEHOOD / DISHWASHER,5096,product:appliances:ovens:smeg:sf64m3tvx,1341,ovens,true,true,true,true,false,false,false,false,
pack:appliances:smeg:smeg-pack-600mm-electric-cooktop-pack-oven-electric-cooktop-slideout-rangehood-dishwasher,1345,Smeg,SMEG PACK - 600MM ELECTRIC COOKTOP PACK - OVEN / ELECTRIC COOKTOP / SLIDEOUT RANGEHOOD / DISHWASHER,5096,product:appliances:cooktops:smeg:si2641d,1342,cooktops,true,true,true,true,false,false,false,false,
pack:appliances:smeg:smeg-pack-600mm-electric-cooktop-pack-oven-electric-cooktop-slideout-rangehood-dishwasher,1345,Smeg,SMEG PACK - 600MM ELECTRIC COOKTOP PACK - OVEN / ELECTRIC COOKTOP / SLIDEOUT RANGEHOOD / DISHWASHER,5096,product:appliances:rangehoods:smeg:sth600x,1343,rangehoods,true,true,true,true,false,false,false,false,
pack:appliances:smeg:smeg-pack-600mm-electric-cooktop-pack-oven-electric-cooktop-slideout-rangehood-dishwasher,1345,Smeg,SMEG PACK - 600MM ELECTRIC COOKTOP PACK - OVEN / ELECTRIC COOKTOP / SLIDEOUT RANGEHOOD / DISHWASHER,5096,product:appliances:dishwashers:smeg:dwau6315x3,1344,dishwashers,true,true,true,true,false,false,false,false,
pack:appliances:smeg:smeg-pack-600mm-electric-cooktop-pack-oven-electric-cooktop-slideout-rangehood-dishwasher,1345,Smeg,SMEG PACK - 600MM ELECTRIC COOKTOP PACK - OVEN / ELECTRIC COOKTOP / SLIDEOUT RANGEHOOD / DISHWASHER,5096,product:appliances:ovens:smeg:sf64m3tvx,1346,ovens,true,true,true,true,false,false,false,false,
pack:appliances:smeg:smeg-pack-600mm-electric-cooktop-pack-oven-electric-cooktop-slideout-rangehood-dishwasher,1345,Smeg,SMEG PACK - 600MM ELECTRIC COOKTOP PACK - OVEN / ELECTRIC COOKTOP / SLIDEOUT RANGEHOOD / DISHWASHER,5096,product:appliances:cooktops:smeg:pga64,1347,cooktops,true,true,true,true,false,false,false,false,
pack:appliances:smeg:smeg-pack-600mm-electric-cooktop-pack-oven-electric-cooktop-slideout-rangehood-dishwasher,1345,Smeg,SMEG PACK - 600MM ELECTRIC COOKTOP PACK - OVEN / ELECTRIC COOKTOP / SLIDEOUT RANGEHOOD / DISHWASHER,5096,product:appliances:rangehoods:smeg:sth600x,1348,rangehoods,true,true,true,true,false,false,false,false,
pack:appliances:smeg:smeg-pack-600mm-electric-cooktop-pack-oven-electric-cooktop-slideout-rangehood-dishwasher,1345,Smeg,SMEG PACK - 600MM ELECTRIC COOKTOP PACK - OVEN / ELECTRIC COOKTOP / SLIDEOUT RANGEHOOD / DISHWASHER,5096,product:appliances:dishwashers:smeg:dwau6315x3,1349,dishwashers,true,true,true,true,false,false,false,false,
pack:appliances:smeg:smeg-pack-600mm-gas-cooktop-pack-oven-gas-cooktop-slideout-rangehood-dishwasher,1350,Smeg,SMEG PACK - 600MM GAS COOKTOP PACK - OVEN / GAS COOKTOP / SLIDEOUT RANGEHOOD / DISHWASHER,4996,product:appliances:rangehoods:smeg:shw610x1,1351,rangehoods,true,true,true,true,false,false,false,false,
pack:appliances:smeg:smeg-pack-600mm-gas-cooktop-pack-oven-gas-cooktop-slideout-rangehood-dishwasher,1350,Smeg,SMEG PACK - 600MM GAS COOKTOP PACK - OVEN / GAS COOKTOP / SLIDEOUT RANGEHOOD / DISHWASHER,4996,product:appliances:rangehoods:smeg:pum601x,1352,rangehoods,true,true,true,true,false,false,false,false,
pack:appliances:smeg:smeg-pack-600mm-gas-cooktop-pack-oven-gas-cooktop-slideout-rangehood-dishwasher,1350,Smeg,SMEG PACK - 600MM GAS COOKTOP PACK - OVEN / GAS COOKTOP / SLIDEOUT RANGEHOOD / DISHWASHER,4996,product:appliances:ovens:smeg:sfpa9395x1,1353,ovens,true,true,true,true,false,false,false,false,
pack:appliances:smeg:smeg-pack-600mm-gas-cooktop-pack-oven-gas-cooktop-slideout-rangehood-dishwasher,1350,Smeg,SMEG PACK - 600MM GAS COOKTOP PACK - OVEN / GAS COOKTOP / SLIDEOUT RANGEHOOD / DISHWASHER,4996,product:appliances:cooktops:smeg:sai4954d,1354,cooktops,true,true,true,true,false,false,false,false,
pack:appliances:smeg:smeg-pack-600mm-gas-cooktop-pack-oven-gas-cooktop-slideout-rangehood-dishwasher,1350,Smeg,SMEG PACK - 600MM GAS COOKTOP PACK - OVEN / GAS COOKTOP / SLIDEOUT RANGEHOOD / DISHWASHER,4996,product:appliances:rangehoods:smeg:sth900x,1355,rangehoods,true,true,true,true,false,false,false,false,
pack:appliances:smeg:smeg-pack-600mm-gas-cooktop-pack-oven-gas-cooktop-slideout-rangehood-dishwasher,1350,Smeg,SMEG PACK - 600MM GAS COOKTOP PACK - OVEN / GAS COOKTOP / SLIDEOUT RANGEHOOD / DISHWASHER,4996,product:appliances:dishwashers:smeg:dwau6315x3,1356,dishwashers,true,true,true,true,false,false,false,false,
pack:appliances:smeg:smeg-pack-900mm-built-in-electric-cooktop-pack-900-oven-electric-cooktop-900-slideout-rangehood-dishwasher,1357,Smeg,SMEG PACK - 900MM BUILT-IN ELECTRIC COOKTOP PACK - 900 OVEN / ELECTRIC COOKTOP / 900 SLIDEOUT RANGEHOOD / DISHWASHER,10096,product:appliances:ovens:smeg:sfpa9395x1,1358,ovens,true,true,true,true,false,false,false,false,
pack:appliances:smeg:smeg-pack-900mm-built-in-electric-cooktop-pack-900-oven-electric-cooktop-900-slideout-rangehood-dishwasher,1357,Smeg,SMEG PACK - 900MM BUILT-IN ELECTRIC COOKTOP PACK - 900 OVEN / ELECTRIC COOKTOP / 900 SLIDEOUT RANGEHOOD / DISHWASHER,10096,product:appliances:cooktops:smeg:pga95,1359,cooktops,true,true,true,true,false,false,false,false,
pack:appliances:smeg:smeg-pack-900mm-built-in-electric-cooktop-pack-900-oven-electric-cooktop-900-slideout-rangehood-dishwasher,1357,Smeg,SMEG PACK - 900MM BUILT-IN ELECTRIC COOKTOP PACK - 900 OVEN / ELECTRIC COOKTOP / 900 SLIDEOUT RANGEHOOD / DISHWASHER,10096,product:appliances:rangehoods:smeg:sth900x,1360,rangehoods,true,true,true,true,false,false,false,false,
pack:appliances:smeg:smeg-pack-900mm-built-in-electric-cooktop-pack-900-oven-electric-cooktop-900-slideout-rangehood-dishwasher,1357,Smeg,SMEG PACK - 900MM BUILT-IN ELECTRIC COOKTOP PACK - 900 OVEN / ELECTRIC COOKTOP / 900 SLIDEOUT RANGEHOOD / DISHWASHER,10096,product:appliances:dishwashers:smeg:dwau6315x3,1361,dishwashers,true,true,true,true,false,false,false,false,
pack:appliances:smeg:smeg-pack-900mm-built-in-gas-cooktop-pack-900-oven-gas-cooktop-900-slideout-rangehood-dishwasher,1362,Smeg,SMEG PACK - 900MM BUILT-IN GAS COOKTOP PACK - 900 OVEN / GAS COOKTOP / 900 SLIDEOUT RANGEHOOD / DISHWASHER,8796,product:appliances:freestanding-cookers:smeg:fs9606as-1,1363,freestanding-cookers,true,true,true,true,false,false,false,false,ovens|cooktops
pack:appliances:smeg:smeg-pack-900mm-built-in-gas-cooktop-pack-900-oven-gas-cooktop-900-slideout-rangehood-dishwasher,1362,Smeg,SMEG PACK - 900MM BUILT-IN GAS COOKTOP PACK - 900 OVEN / GAS COOKTOP / 900 SLIDEOUT RANGEHOOD / DISHWASHER,8796,product:appliances:rangehoods:smeg:shw910x2,1364,rangehoods,true,true,true,true,false,false,false,false,ovens|cooktops
pack:appliances:smeg:smeg-pack-900mm-built-in-gas-cooktop-pack-900-oven-gas-cooktop-900-slideout-rangehood-dishwasher,1362,Smeg,SMEG PACK - 900MM BUILT-IN GAS COOKTOP PACK - 900 OVEN / GAS COOKTOP / 900 SLIDEOUT RANGEHOOD / DISHWASHER,8796,product:appliances:dishwashers:smeg:dwau6315x3,1365,dishwashers,true,true,true,true,false,false,false,false,ovens|cooktops
pack:appliances:smeg:smeg-pack-900mm-upright-cooker-canopy-pack-upright-cooker-900-canopy-rangehood-dishwasher,1366,Smeg,SMEG PACK - 900MM UPRIGHT COOKER CANOPY PACK - UPRIGHT COOKER / 900 CANOPY RANGEHOOD / DISHWASHER,6039,product:appliances:freestanding-cookers:smeg:fs9606as-1,1367,freestanding-cookers,false,false,true,true,false,false,true,false,
pack:appliances:smeg:smeg-pack-900mm-upright-cooker-canopy-pack-upright-cooker-900-canopy-rangehood-dishwasher,1366,Smeg,SMEG PACK - 900MM UPRIGHT COOKER CANOPY PACK - UPRIGHT COOKER / 900 CANOPY RANGEHOOD / DISHWASHER,6039,product:appliances:rangehoods:smeg:pum901x,1368,rangehoods,false,false,true,true,false,false,true,false,
pack:appliances:smeg:smeg-pack-900mm-upright-cooker-canopy-pack-upright-cooker-900-canopy-rangehood-dishwasher,1366,Smeg,SMEG PACK - 900MM UPRIGHT COOKER CANOPY PACK - UPRIGHT COOKER / 900 CANOPY RANGEHOOD / DISHWASHER,6039,product:appliances:dishwashers:smeg:dwau6315x3,1369,dishwashers,false,false,true,true,false,false,true,false,
pack:appliances:smeg:smeg-pack-900mm-upright-cooker-under-cupboard-pack-upright-cooker-900-under-cupboard-rangehood-dishwasher,1370,Smeg,SMEG PACK - 900MM UPRIGHT COOKER UNDER CUPBOARD PACK - UPRIGHT COOKER / 900 UNDER CUPBOARD RANGEHOOD / DISHWASHER,5788,product:appliances:rangehoods:smeg:shw910x2,1371,rangehoods,false,false,true,true,false,false,true,false,freestanding-cookers
pack:appliances:smeg:smeg-pack-900mm-upright-cooker-under-cupboard-pack-upright-cooker-900-under-cupboard-rangehood-dishwasher,1370,Smeg,SMEG PACK - 900MM UPRIGHT COOKER UNDER CUPBOARD PACK - UPRIGHT COOKER / 900 UNDER CUPBOARD RANGEHOOD / DISHWASHER,5788,product:appliances:rangehoods:smeg:pum901x,1372,rangehoods,false,false,true,true,false,false,true,false,freestanding-cookers
pack:appliances:smeg:smeg-pack-900mm-upright-cooker-under-cupboard-pack-upright-cooker-900-under-cupboard-rangehood-dishwasher,1370,Smeg,SMEG PACK - 900MM UPRIGHT COOKER UNDER CUPBOARD PACK - UPRIGHT COOKER / 900 UNDER CUPBOARD RANGEHOOD / DISHWASHER,5788,product:appliances:dishwashers:smeg:dwau6315x3,1373,dishwashers,false,false,true,true,false,false,true,false,freestanding-cookers
