quotation_row_id,quotation_code,classification,current_description,unit,category_id,subcategory_id,product_library_section,product_library_section_name,proposed_source_id,existing_product_library_match,recommended_action,notes
quote-294,294,product,FACE BRICKS - BASE RANGE,1000,category:external-cladding,subcategory:face-bricks-base-range,wall-ceiling-finishes,Wall & Ceiling Finishes,product:external-cladding:face-bricks-base-range:face-bricks-base-range,,review import candidate before creation,Physical product/material candidate.
quote-295,295,product,FACE BRICKS - MID RANGE,1000,category:external-cladding,subcategory:face-bricks-mid-range,wall-ceiling-finishes,Wall & Ceiling Finishes,product:external-cladding:face-bricks-mid-range:face-bricks-mid-range,,review import candidate before creation,Physical product/material candidate.
quote-296,296,product,COMMON BRICKS FOR RENDERING,1000,category:external-cladding,subcategory:common-bricks-for-rendering,wall-ceiling-finishes,Wall & Ceiling Finishes,product:external-cladding:common-bricks-for-rendering:common-bricks-for-rendering,,review import candidate before creation,Physical product/material candidate.
quote-297,297,product,200 SERIES BLOCKS,EACH,category:external-cladding,subcategory:200-series-blocks,wall-ceiling-finishes,Wall & Ceiling Finishes,product:external-cladding:200-series-blocks:200-series-blocks,,review import candidate before creation,Physical product/material candidate.
quote-298,298,product,200 SERIES BLOCKS 3/4 BLOCKS,EACH,category:external-cladding,subcategory:200-series-blocks-3-4-blocks,wall-ceiling-finishes,Wall & Ceiling Finishes,product:external-cladding:200-series-blocks-3-4-blocks:200-series-blocks-3-4-blocks,,review import candidate before creation,Physical product/material candidate.
quote-299,299,product,200 SERIES BLOCKS - HALVE BLOCKS,EACH,category:external-cladding,subcategory:200-series-blocks-halve-blocks,wall-ceiling-finishes,Wall & Ceiling Finishes,product:external-cladding:200-series-blocks-halve-blocks:200-series-blocks-halve-blocks,,review import candidate before creation,Physical product/material candidate.
quote-300,300,product,"MORTAR MIX (SAND, CEMENT ETC.)",M3,category:external-cladding,subcategory:mortar-mix-sand-cement-etc,wall-ceiling-finishes,Wall & Ceiling Finishes,product:external-cladding:mortar-mix-sand-cement-etc:mortar-mix-sand-cement-etc,,review import candidate before creation,Physical product/material candidate.
quote-301,301,product,M12 ROD,EACH,category:external-cladding,subcategory:m12-rod,wall-ceiling-finishes,Wall & Ceiling Finishes,product:external-cladding:m12-rod:m12-rod,,review import candidate before creation,Physical product/material candidate.
quote-303,303,product,BLOCKWORK REO,ITEM,category:external-cladding,subcategory:blockwork-reo,wall-ceiling-finishes,Wall & Ceiling Finishes,product:external-cladding:blockwork-reo:blockwork-reo,,review import candidate before creation,Physical product/material candidate.
quote-385,385,product,GREY TAPE,ROLL,category:plumbing-fixtures,subcategory:tapware,plumbing-fixtures-fittings,Plumbing Fixtures & Fittings,product:plumbing-fixtures:tapware:grey-tape,,review import candidate before creation,Physical product/material candidate.
quote-837,837,product,BOX GUTTERING,LM,category:roofing,subcategory:box-guttering,roofing-rainwater-goods,Roofing & Rainwater Goods,product:roofing:box-guttering:box-guttering,,review import candidate before creation,Physical product/material candidate.
quote-847,847,product,ROOFING PLUMBER,HR,category:plumbing-fixtures,subcategory:labour,plumbing-fixtures-fittings,Plumbing Fixtures & Fittings,product:plumbing-fixtures:labour:roofing-plumber,,review import candidate before creation,Physical product/material candidate.
quote-848,848,product,CONCEALED GUTTERING,QUOTE,category:roofing,subcategory:concealed-guttering,roofing-rainwater-goods,Roofing & Rainwater Goods,product:roofing:concealed-guttering:concealed-guttering,,review import candidate before creation,Physical product/material candidate.
quote-803,803,product,"M2 RATE (BATTENS, FASCIA, GUTTER, ROOF & INS)",M2,category:roofing,subcategory:m2-rate-battens-fascia-gutter-roof-and-ins,roofing-rainwater-goods,Roofing & Rainwater Goods,product:roofing:m2-rate-battens-fascia-gutter-roof-and-ins:m2-rate-battens-fascia-gutter-roof-and-ins,,review import candidate before creation,Physical product/material candidate.
quote-804,804,product,FASCIAS,LM,category:roofing,subcategory:fascias,roofing-rainwater-goods,Roofing & Rainwater Goods,product:roofing:fascias:fascias,,review import candidate before creation,Physical product/material candidate.
quote-805,805,product,GUTTERING,LM,category:roofing,subcategory:guttering,roofing-rainwater-goods,Roofing & Rainwater Goods,product:roofing:guttering:guttering,,review import candidate before creation,Physical product/material candidate.
quote-807,807,product,ROOF BATTENS,LM,category:roofing,subcategory:roof-battens,roofing-rainwater-goods,Roofing & Rainwater Goods,product:roofing:roof-battens:roof-battens,,review import candidate before creation,Physical product/material candidate.
quote-808,808,product,SAFETY BATTENS,LM,category:roofing,subcategory:safety-battens,roofing-rainwater-goods,Roofing & Rainwater Goods,product:roofing:safety-battens:safety-battens,,review import candidate before creation,Physical product/material candidate.
quote-812,812,product,WALL CLADDING,LM,category:roofing,subcategory:wall-cladding,roofing-rainwater-goods,Roofing & Rainwater Goods,product:roofing:wall-cladding:wall-cladding,,review import candidate before creation,Physical product/material candidate.
quote-814,814,product,VALLEY IRON,LM,category:roofing,subcategory:valley-iron,roofing-rainwater-goods,Roofing & Rainwater Goods,product:roofing:valley-iron:valley-iron,,review import candidate before creation,Physical product/material candidate.
quote-816,816,product,DOWN PIPE POPS,EACH,category:roofing,subcategory:down-pipe-pops,roofing-rainwater-goods,Roofing & Rainwater Goods,product:roofing:down-pipe-pops:down-pipe-pops,,review import candidate before creation,Physical product/material candidate.
quote-817,817,product,ACCESSORIES,EACH,category:roofing,subcategory:accessories,roofing-rainwater-goods,Roofing & Rainwater Goods,product:roofing:accessories:accessories,,review import candidate before creation,Physical product/material candidate.
quote-818,818,product,GUTTER & FASCIA BRACKETS,EACH,category:roofing,subcategory:gutter-and-fascia-brackets,roofing-rainwater-goods,Roofing & Rainwater Goods,product:roofing:gutter-and-fascia-brackets:gutter-and-fascia-brackets,,review import candidate before creation,Physical product/material candidate.
quote-819,819,product,ANTICON,ROLL,category:roofing,subcategory:anticon,roofing-rainwater-goods,Roofing & Rainwater Goods,product:roofing:anticon:anticon,,review import candidate before creation,Physical product/material candidate.
quote-1131,1131,product,PM 100 RENDER (POLYSTYRENE),M2,category:roofing,subcategory:pm-100-render-polystyrene,roofing-rainwater-goods,Roofing & Rainwater Goods,product:roofing:pm-100-render-polystyrene:pm-100-render-polystyrene,,review import candidate before creation,Physical product/material candidate.
quote-1132,1132,product,SANDCOAT PRIMER,M2,category:roofing,subcategory:sandcoat-primer,roofing-rainwater-goods,Roofing & Rainwater Goods,product:roofing:sandcoat-primer:sandcoat-primer,,review import candidate before creation,Physical product/material candidate.
quote-1134,1134,product,MESH,M2,category:roofing,subcategory:mesh,roofing-rainwater-goods,Roofing & Rainwater Goods,product:roofing:mesh:mesh,,review import candidate before creation,Physical product/material candidate.
quote-1135,1135,product,POLYMER RENDER (BLUEBOARD),M2,category:roofing,subcategory:polymer-render-blueboard,roofing-rainwater-goods,Roofing & Rainwater Goods,product:roofing:polymer-render-blueboard:polymer-render-blueboard,,review import candidate before creation,Physical product/material candidate.
quote-1253,1253,product,PLASTERING,QUOTE,category:roofing,subcategory:plastering,roofing-rainwater-goods,Roofing & Rainwater Goods,product:roofing:plastering:plastering,,review import candidate before creation,Physical product/material candidate.
quote-1255,1255,product,VILLA BOARD,M2,category:roofing,subcategory:villa-board,roofing-rainwater-goods,Roofing & Rainwater Goods,product:roofing:villa-board:villa-board,,review import candidate before creation,Physical product/material candidate.
quote-1257,1257,product,CORNER TAPE,ROLL,category:plumbing-fixtures,subcategory:tapware,plumbing-fixtures-fittings,Plumbing Fixtures & Fittings,product:plumbing-fixtures:tapware:corner-tape,,review import candidate before creation,Physical product/material candidate.
quote-1259,1259,product,TOP COAT,20 KG,category:roofing,subcategory:top-coat,roofing-rainwater-goods,Roofing & Rainwater Goods,product:roofing:top-coat:top-coat,,review import candidate before creation,Physical product/material candidate.
quote-1260,1260,product,CORNICE CEMENT,20 KG,category:roofing,subcategory:cornice-cement,roofing-rainwater-goods,Roofing & Rainwater Goods,product:roofing:cornice-cement:cornice-cement,,review import candidate before creation,Physical product/material candidate.
quote-1008,1008,product,40MM WALL CLADDING -2400 X 1200,SHEET,category:external-cladding,subcategory:40mm-wall-cladding-2400-x-1200,wall-ceiling-finishes,Wall & Ceiling Finishes,product:external-cladding:40mm-wall-cladding-2400-x-1200:40mm-wall-cladding-2400-x-1200,,review import candidate before creation,Physical product/material candidate.
quote-917,917,product,1200 PIVOT DOOR PC SUM,PC,category:windows-doors,subcategory:1200-pivot-door-pc-sum,windows-external-doors,Windows & External Doors,product:windows-doors:1200-pivot-door-pc-sum:1200-pivot-door-pc-sum,,review import candidate before creation,Physical product/material candidate.
quote-931,931,product,EXTERIOR DOOR JAMBS,EACH,category:windows-doors,subcategory:exterior-door-jambs,windows-external-doors,Windows & External Doors,product:windows-doors:exterior-door-jambs:exterior-door-jambs,,review import candidate before creation,Physical product/material candidate.
quote-932,932,product,DOUBLE FRONT DOOR JAMB,EACH,category:windows-doors,subcategory:double-front-door-jamb,windows-external-doors,Windows & External Doors,product:windows-doors:double-front-door-jamb:double-front-door-jamb,,review import candidate before creation,Physical product/material candidate.
quote-935,935,product,DOOR JAMB WITH 1 SIDE LIGHT,EACH,category:electrical,subcategory:light-fittings,electrical-fixtures-fittings,Electrical Fixtures & Fittings,product:electrical:light-fittings:door-jamb-with-1-side-light,,review import candidate before creation,Physical product/material candidate.
quote-936,936,product,DOOR JAMB WITH 2 SIDE LIGHTS,EACH,category:electrical,subcategory:light-fittings,electrical-fixtures-fittings,Electrical Fixtures & Fittings,product:electrical:light-fittings:door-jamb-with-2-side-lights,,review import candidate before creation,Physical product/material candidate.
quote-937,937,product,DOUBLE DOOR JAMB WITH 2 SIDE LIGHTS,EACH,category:electrical,subcategory:light-fittings,electrical-fixtures-fittings,Electrical Fixtures & Fittings,product:electrical:light-fittings:double-door-jamb-with-2-side-lights,,review import candidate before creation,Physical product/material candidate.
quote-940,940,product,"HUME ILLUSION 2040 x 1200 (XIL 21,22,23,24,25,26)",EACH,category:windows-doors,subcategory:hume-illusion-2040-x-1200-xil-21-22-23-24-25-26,windows-external-doors,Windows & External Doors,product:windows-doors:hume-illusion-2040-x-1200-xil-21-22-23-24-25-26:hume-illusion-2040-x-1200-xil-21-22-23-24-25-26,,review import candidate before creation,Physical product/material candidate.
quote-941,941,product,"HUME ILLUSION 2040 x 820 (XIL 1,2,3,4,5,6)",EACH,category:windows-doors,subcategory:hume-illusion-2040-x-820-xil-1-2-3-4-5-6,windows-external-doors,Windows & External Doors,product:windows-doors:hume-illusion-2040-x-820-xil-1-2-3-4-5-6:hume-illusion-2040-x-820-xil-1-2-3-4-5-6,,review import candidate before creation,Physical product/material candidate.
quote-942,942,product,HUME NEWINGTON 2040 x 820 (XN 16) CLEAR GLAZE,EACH,category:windows-doors,subcategory:hume-newington-2040-x-820-xn-16-clear-glaze,windows-external-doors,Windows & External Doors,product:windows-doors:hume-newington-2040-x-820-xn-16-clear-glaze:hume-newington-2040-x-820-xn-16-clear-glaze,,review import candidate before creation,Physical product/material candidate.
quote-943,943,product,HUME NEWINGTON 2040 x 820 (XN 18) CLEAR GLAZE,EACH,category:windows-doors,subcategory:hume-newington-2040-x-820-xn-18-clear-glaze,windows-external-doors,Windows & External Doors,product:windows-doors:hume-newington-2040-x-820-xn-18-clear-glaze:hume-newington-2040-x-820-xn-18-clear-glaze,,review import candidate before creation,Physical product/material candidate.
quote-944,944,product,HUME NEWINGTON 2040 x 820 (XN 6) CLEAR GLAZE,EACH,category:windows-doors,subcategory:hume-newington-2040-x-820-xn-6-clear-glaze,windows-external-doors,Windows & External Doors,product:windows-doors:hume-newington-2040-x-820-xn-6-clear-glaze:hume-newington-2040-x-820-xn-6-clear-glaze,,review import candidate before creation,Physical product/material candidate.
quote-945,945,product,HUME NEWINGTON 2040 x 820 (XN1) CLEAR GLAZE,EACH,category:windows-doors,subcategory:hume-newington-2040-x-820-xn1-clear-glaze,windows-external-doors,Windows & External Doors,product:windows-doors:hume-newington-2040-x-820-xn1-clear-glaze:hume-newington-2040-x-820-xn1-clear-glaze,,review import candidate before creation,Physical product/material candidate.
quote-946,946,product,"HUME NEWINGTON 2040 x 820 (XN2, 17) CLEAR GL",EACH,category:windows-doors,subcategory:hume-newington-2040-x-820-xn2-17-clear-gl,windows-external-doors,Windows & External Doors,product:windows-doors:hume-newington-2040-x-820-xn2-17-clear-gl:hume-newington-2040-x-820-xn2-17-clear-gl,,review import candidate before creation,Physical product/material candidate.
quote-947,947,product,"HUME NEWINGTON 2040 x 820 (XN5, 7, 13) CLEAR",EACH,category:windows-doors,subcategory:hume-newington-2040-x-820-xn5-7-13-clear,windows-external-doors,Windows & External Doors,product:windows-doors:hume-newington-2040-x-820-xn5-7-13-clear:hume-newington-2040-x-820-xn5-7-13-clear,,review import candidate before creation,Physical product/material candidate.
quote-948,948,product,HUME SAVOY 2040 x 1200 (XS 26) CLEAR GLAZE,EACH,category:windows-doors,subcategory:hume-savoy-2040-x-1200-xs-26-clear-glaze,windows-external-doors,Windows & External Doors,product:windows-doors:hume-savoy-2040-x-1200-xs-26-clear-glaze:hume-savoy-2040-x-1200-xs-26-clear-glaze,,review import candidate before creation,Physical product/material candidate.
quote-949,949,product,HUME SAVOY 2040 x 1200 (XS24) CLEAR GLAZE,EACH,category:windows-doors,subcategory:hume-savoy-2040-x-1200-xs24-clear-glaze,windows-external-doors,Windows & External Doors,product:windows-doors:hume-savoy-2040-x-1200-xs24-clear-glaze:hume-savoy-2040-x-1200-xs24-clear-glaze,,review import candidate before creation,Physical product/material candidate.
quote-950,950,product,"HUME SAVOY 2040 x 820 (XS11,12) CLEAR GLAZE",EACH,category:windows-doors,subcategory:hume-savoy-2040-x-820-xs11-12-clear-glaze,windows-external-doors,Windows & External Doors,product:windows-doors:hume-savoy-2040-x-820-xs11-12-clear-glaze:hume-savoy-2040-x-820-xs11-12-clear-glaze,,review import candidate before creation,Physical product/material candidate.
quote-951,951,product,HUME SAVOY 2040 x 820 (XS2),EACH,category:windows-doors,subcategory:hume-savoy-2040-x-820-xs2,windows-external-doors,Windows & External Doors,product:windows-doors:hume-savoy-2040-x-820-xs2:hume-savoy-2040-x-820-xs2,,review import candidate before creation,Physical product/material candidate.
quote-952,952,product,"HUME SAVOY 2040 x 820 (XS24,26) CLEAR GLAZE",EACH,category:windows-doors,subcategory:hume-savoy-2040-x-820-xs24-26-clear-glaze,windows-external-doors,Windows & External Doors,product:windows-doors:hume-savoy-2040-x-820-xs24-26-clear-glaze:hume-savoy-2040-x-820-xs24-26-clear-glaze,,review import candidate before creation,Physical product/material candidate.
quote-953,953,product,HUME SAVOY 2040 x 820 (XS3) CLEAR GLAZE,EACH,category:windows-doors,subcategory:hume-savoy-2040-x-820-xs3-clear-glaze,windows-external-doors,Windows & External Doors,product:windows-doors:hume-savoy-2040-x-820-xs3-clear-glaze:hume-savoy-2040-x-820-xs3-clear-glaze,,review import candidate before creation,Physical product/material candidate.
quote-954,954,product,HUME SAVOY 2340 x 1200 (XS 26) CLEAR GLAZE,EACH,category:windows-doors,subcategory:hume-savoy-2340-x-1200-xs-26-clear-glaze,windows-external-doors,Windows & External Doors,product:windows-doors:hume-savoy-2340-x-1200-xs-26-clear-glaze:hume-savoy-2340-x-1200-xs-26-clear-glaze,,review import candidate before creation,Physical product/material candidate.
quote-955,955,product,HUME SAVOY 2340 X 1200 (XS24) CLEAR GLAZE,EACH,category:windows-doors,subcategory:hume-savoy-2340-x-1200-xs24-clear-glaze,windows-external-doors,Windows & External Doors,product:windows-doors:hume-savoy-2340-x-1200-xs24-clear-glaze:hume-savoy-2340-x-1200-xs24-clear-glaze,,review import candidate before creation,Physical product/material candidate.
quote-956,956,product,"HUME VAUCLUSE 2040 x 820 (XV1, 10, 14)",EACH,category:windows-doors,subcategory:hume-vaucluse-2040-x-820-xv1-10-14,windows-external-doors,Windows & External Doors,product:windows-doors:hume-vaucluse-2040-x-820-xv1-10-14:hume-vaucluse-2040-x-820-xv1-10-14,,review import candidate before creation,Physical product/material candidate.
quote-958,958,product,HUME 820 x 35 EXTERIOR FLUSH PANEL,EACH,category:windows-doors,subcategory:hume-820-x-35-exterior-flush-panel,windows-external-doors,Windows & External Doors,product:windows-doors:hume-820-x-35-exterior-flush-panel:hume-820-x-35-exterior-flush-panel,,review import candidate before creation,Physical product/material candidate.
quote-959,959,product,HUME RC DOOR WITH 1/3 GLASS OPENING,EACH,category:windows-doors,subcategory:hume-rc-door-with-1-3-glass-opening,windows-external-doors,Windows & External Doors,product:windows-doors:hume-rc-door-with-1-3-glass-opening:hume-rc-door-with-1-3-glass-opening,,review import candidate before creation,Physical product/material candidate.
quote-962,962,product,100mm HIRLINE HINGES,EACH,category:windows-doors,subcategory:100mm-hirline-hinges,windows-external-doors,Windows & External Doors,product:windows-doors:100mm-hirline-hinges:100mm-hirline-hinges,,review import candidate before creation,Physical product/material candidate.
quote-963,963,product,GAINSBOROUGH SC KEY IN KNOB ENTRACE SET,EACH,category:windows-doors,subcategory:gainsborough-sc-key-in-knob-entrace-set,windows-external-doors,Windows & External Doors,product:windows-doors:gainsborough-sc-key-in-knob-entrace-set:gainsborough-sc-key-in-knob-entrace-set,,review import candidate before creation,Physical product/material candidate.
quote-964,964,product,GAINSBOROUGH TRILOCK,EACH,category:windows-doors,subcategory:gainsborough-trilock,windows-external-doors,Windows & External Doors,product:windows-doors:gainsborough-trilock:gainsborough-trilock,,review import candidate before creation,Physical product/material candidate.
quote-965,965,product,600mm CHROME PULL HANDLES,PAIR,category:cabinetry,subcategory:handles,cabinetry-joinery,Cabinetry & Joinery,product:cabinetry:handles:600mm-chrome-pull-handles,,review import candidate before creation,Physical product/material candidate.
quote-966,966,product,DEADLOCK AND SPRING CATCH,EACH,category:windows-doors,subcategory:deadlock-and-spring-catch,windows-external-doors,Windows & External Doors,product:windows-doors:deadlock-and-spring-catch:deadlock-and-spring-catch,,review import candidate before creation,Physical product/material candidate.
quote-967,967,product,RP4 WEATHER SEAL,EACH,category:windows-doors,subcategory:rp4-weather-seal,windows-external-doors,Windows & External Doors,product:windows-doors:rp4-weather-seal:rp4-weather-seal,,review import candidate before creation,Physical product/material candidate.
quote-968,968,product,DOUBLE RP4 WEATHER SEAL,EACH,category:windows-doors,subcategory:double-rp4-weather-seal,windows-external-doors,Windows & External Doors,product:windows-doors:double-rp4-weather-seal:double-rp4-weather-seal,,review import candidate before creation,Physical product/material candidate.
quote-1343,1343,product,FOW SLIDING DOOR UNIT,EACH,category:windows-doors,subcategory:fow-sliding-door-unit,windows-external-doors,Windows & External Doors,product:windows-doors:fow-sliding-door-unit:fow-sliding-door-unit,,review import candidate before creation,Physical product/material candidate.
quote-1344,1344,product,CAVITY SLIDING DOOR UNIT,EACH,category:windows-doors,subcategory:cavity-sliding-door-unit,windows-external-doors,Windows & External Doors,product:windows-doors:cavity-sliding-door-unit:cavity-sliding-door-unit,,review import candidate before creation,Physical product/material candidate.
quote-1345,1345,product,GAINSBOROUGH CONTRACTOR SERIES FURNITURE,SET,category:windows-doors,subcategory:gainsborough-contractor-series-furniture,windows-external-doors,Windows & External Doors,product:windows-doors:gainsborough-contractor-series-furniture:gainsborough-contractor-series-furniture,,review import candidate before creation,Physical product/material candidate.
quote-1346,1346,product,ADD FOR PRIVACY SET,EACH,category:windows-doors,subcategory:add-for-privacy-set,windows-external-doors,Windows & External Doors,product:windows-doors:add-for-privacy-set:add-for-privacy-set,,review import candidate before creation,Physical product/material candidate.
quote-1347,1347,product,SLIDING DOOR HANDLES,EACH,category:cabinetry,subcategory:handles,cabinetry-joinery,Cabinetry & Joinery,product:cabinetry:handles:sliding-door-handles,,review import candidate before creation,Physical product/material candidate.
quote-1093,1093,product,FACE BRICKS - BASE RANGE,1000,category:external-cladding,subcategory:face-bricks-base-range,wall-ceiling-finishes,Wall & Ceiling Finishes,product:external-cladding:face-bricks-base-range:face-bricks-base-range,,review import candidate before creation,Physical product/material candidate.
quote-1094,1094,product,FACE BRICKS - MID RANGE,1000,category:external-cladding,subcategory:face-bricks-mid-range,wall-ceiling-finishes,Wall & Ceiling Finishes,product:external-cladding:face-bricks-mid-range:face-bricks-mid-range,,review import candidate before creation,Physical product/material candidate.
quote-1096,1096,product,COMMON SINGLE HEIGHTS,1000,category:external-cladding,subcategory:common-single-heights,wall-ceiling-finishes,Wall & Ceiling Finishes,product:external-cladding:common-single-heights:common-single-heights,,review import candidate before creation,Physical product/material candidate.
quote-1097,1097,product,COMMON TWIN HEIGHTS,1000,category:external-cladding,subcategory:common-twin-heights,wall-ceiling-finishes,Wall & Ceiling Finishes,product:external-cladding:common-twin-heights:common-twin-heights,,review import candidate before creation,Physical product/material candidate.
quote-1098,1098,product,ADD BRICKS FOR PIERS ETC,1000,category:external-cladding,subcategory:add-bricks-for-piers-etc,wall-ceiling-finishes,Wall & Ceiling Finishes,product:external-cladding:add-bricks-for-piers-etc:add-bricks-for-piers-etc,,review import candidate before creation,Physical product/material candidate.
quote-1099,1099,product,ADD BRICKS FOR SILLS,1000,category:external-cladding,subcategory:add-bricks-for-sills,wall-ceiling-finishes,Wall & Ceiling Finishes,product:external-cladding:add-bricks-for-sills:add-bricks-for-sills,,review import candidate before creation,Physical product/material candidate.
quote-1100,1100,product,200 SERIES BLOCKS,EACH,category:external-cladding,subcategory:200-series-blocks,wall-ceiling-finishes,Wall & Ceiling Finishes,product:external-cladding:200-series-blocks:200-series-blocks,,review import candidate before creation,Physical product/material candidate.
quote-1101,1101,product,200 SERIES BLOCKS 3/4 BLOCKS,EACH,category:external-cladding,subcategory:200-series-blocks-3-4-blocks,wall-ceiling-finishes,Wall & Ceiling Finishes,product:external-cladding:200-series-blocks-3-4-blocks:200-series-blocks-3-4-blocks,,review import candidate before creation,Physical product/material candidate.
quote-1102,1102,product,200 SERIES BLOCKS - HALVE BLOCKS,EACH,category:external-cladding,subcategory:200-series-blocks-halve-blocks,wall-ceiling-finishes,Wall & Ceiling Finishes,product:external-cladding:200-series-blocks-halve-blocks:200-series-blocks-halve-blocks,,review import candidate before creation,Physical product/material candidate.
quote-1103,1103,product,"MORTAR MIX (SAND, CEMENT ETC.)",M3,category:external-cladding,subcategory:mortar-mix-sand-cement-etc,wall-ceiling-finishes,Wall & Ceiling Finishes,product:external-cladding:mortar-mix-sand-cement-etc:mortar-mix-sand-cement-etc,,review import candidate before creation,Physical product/material candidate.
quote-1104,1104,product,M12 ROD,EACH,category:external-cladding,subcategory:m12-rod,wall-ceiling-finishes,Wall & Ceiling Finishes,product:external-cladding:m12-rod:m12-rod,,review import candidate before creation,Physical product/material candidate.
quote-1106,1106,product,BRICKY HARDWARE,ITEM,category:external-cladding,subcategory:bricky-hardware,wall-ceiling-finishes,Wall & Ceiling Finishes,product:external-cladding:bricky-hardware:bricky-hardware,,review import candidate before creation,Physical product/material candidate.
quote-1157,1157,product,LINEAL BLOCKWORK,LM,category:external-cladding,subcategory:lineal-blockwork,wall-ceiling-finishes,Wall & Ceiling Finishes,product:external-cladding:lineal-blockwork:lineal-blockwork,,review import candidate before creation,Physical product/material candidate.
quote-1160,1160,product,RENDER BRICKWORK,M2,category:external-cladding,subcategory:render-brickwork,wall-ceiling-finishes,Wall & Ceiling Finishes,product:external-cladding:render-brickwork:render-brickwork,,review import candidate before creation,Physical product/material candidate.
quote-1161,1161,product,LINEAL BRICKWORK,LM,category:external-cladding,subcategory:lineal-brickwork,wall-ceiling-finishes,Wall & Ceiling Finishes,product:external-cladding:lineal-brickwork:lineal-brickwork,,review import candidate before creation,Physical product/material candidate.
quote-1367,1367,product,ROBE SHELVING - 1 SHELF & RAIL,LM,category:cabinetry,subcategory:shelving,cabinetry-joinery,Cabinetry & Joinery,product:cabinetry:shelving:robe-shelving-1-shelf-and-rail,,review import candidate before creation,Physical product/material candidate.
quote-1368,1368,product,ROBE - 1 FULL SHELF & RAIL & BANK OF SHELVES,EACH,category:cabinetry,subcategory:shelving,cabinetry-joinery,Cabinetry & Joinery,product:cabinetry:shelving:robe-1-full-shelf-and-rail-and-bank-of-shelves,,review import candidate before creation,Physical product/material candidate.
quote-1391,1391,product,MIRROR DOORS,EACH,category:windows-doors,subcategory:mirror-doors,windows-external-doors,Windows & External Doors,product:windows-doors:mirror-doors:mirror-doors,,review import candidate before creation,Physical product/material candidate.
quote-1393,1393,product,SUPERWHITE GLASS,EACH,category:windows-doors,subcategory:superwhite-glass,windows-external-doors,Windows & External Doors,product:windows-doors:superwhite-glass:superwhite-glass,,review import candidate before creation,Physical product/material candidate.
quote-1400,1400,product,MIRROR DOORS,EACH,category:windows-doors,subcategory:mirror-doors,windows-external-doors,Windows & External Doors,product:windows-doors:mirror-doors:mirror-doors,,review import candidate before creation,Physical product/material candidate.
quote-1402,1402,product,SUPERWHITE GLASS,EACH,category:windows-doors,subcategory:superwhite-glass,windows-external-doors,Windows & External Doors,product:windows-doors:superwhite-glass:superwhite-glass,,review import candidate before creation,Physical product/material candidate.
quote-1409,1409,product,MIRROR DOORS,EACH,category:windows-doors,subcategory:mirror-doors,windows-external-doors,Windows & External Doors,product:windows-doors:mirror-doors:mirror-doors,,review import candidate before creation,Physical product/material candidate.
quote-1411,1411,product,SUPERWHITE GLASS,EACH,category:windows-doors,subcategory:superwhite-glass,windows-external-doors,Windows & External Doors,product:windows-doors:superwhite-glass:superwhite-glass,,review import candidate before creation,Physical product/material candidate.
quote-1418,1418,product,MIRROR DOORS,EACH,category:windows-doors,subcategory:mirror-doors,windows-external-doors,Windows & External Doors,product:windows-doors:mirror-doors:mirror-doors,,review import candidate before creation,Physical product/material candidate.
quote-1420,1420,product,SUPERWHITE GLASS,EACH,category:windows-doors,subcategory:superwhite-glass,windows-external-doors,Windows & External Doors,product:windows-doors:superwhite-glass:superwhite-glass,,review import candidate before creation,Physical product/material candidate.
quote-1430,1430,product,UPGRADE TO STONE TOPS,ITEM,category:cabinetry,subcategory:cabinet-units-components,cabinetry-joinery,Cabinetry & Joinery,product:cabinetry:cabinet-units-components:upgrade-to-stone-tops,,review import candidate before creation,Physical product/material candidate.
quote-1431,1431,product,UPGRADE TO 2 PAC DOORS,ITEM,category:cabinetry,subcategory:cabinet-units-components,cabinetry-joinery,Cabinetry & Joinery,product:cabinetry:cabinet-units-components:upgrade-to-2-pac-doors,,review import candidate before creation,Physical product/material candidate.
quote-1434,1434,product,UPGRADE TO STONE TOPS,ITEM,category:cabinetry,subcategory:cabinet-units-components,cabinetry-joinery,Cabinetry & Joinery,product:cabinetry:cabinet-units-components:upgrade-to-stone-tops,,review import candidate before creation,Physical product/material candidate.
quote-1435,1435,product,UPGRADE TO 2 PAC DOORS,ITEM,category:cabinetry,subcategory:cabinet-units-components,cabinetry-joinery,Cabinetry & Joinery,product:cabinetry:cabinet-units-components:upgrade-to-2-pac-doors,,review import candidate before creation,Physical product/material candidate.
quote-1438,1438,product,UPGRADE TO STONE TOPS,ITEM,category:cabinetry,subcategory:cabinet-units-components,cabinetry-joinery,Cabinetry & Joinery,product:cabinetry:cabinet-units-components:upgrade-to-stone-tops,,review import candidate before creation,Physical product/material candidate.
quote-1439,1439,product,UPGRADE TO 2 PAC DOORS,ITEM,category:cabinetry,subcategory:cabinet-units-components,cabinetry-joinery,Cabinetry & Joinery,product:cabinetry:cabinet-units-components:upgrade-to-2-pac-doors,,review import candidate before creation,Physical product/material candidate.
quote-1445,1445,product,MICROWAVE CUPBOARD,EACH,category:appliances,subcategory:microwaves,appliances,Appliances,product:appliances:microwaves:microwave-cupboard,,review import candidate before creation,Physical product/material candidate.
quote-1451,1451,product,EXTEND VANITY TOP OVER BATH,ITEM,category:cabinetry,subcategory:cabinet-units-components,cabinetry-joinery,Cabinetry & Joinery,product:cabinetry:cabinet-units-components:extend-vanity-top-over-bath,,review import candidate before creation,Physical product/material candidate.
quote-1455,1455,product,GRANITE BENCHTOPS,M2,category:cabinetry,subcategory:cabinet-units-components,cabinetry-joinery,Cabinetry & Joinery,product:cabinetry:cabinet-units-components:granite-benchtops,,review import candidate before creation,Physical product/material candidate.
quote-1466,1466,product,CERAN COOKTOP (ICC6GE2),EACH,category:appliances,subcategory:cooktops,appliances,Appliances,product:appliances:cooktops:ceran-cooktop-icc6ge2,,review import candidate before creation,Physical product/material candidate.
quote-1467,1467,product,SOLID ELEMENT COOKTOP ACS6SE2,EACH,category:appliances,subcategory:cooktops,appliances,Appliances,product:appliances:cooktops:solid-element-cooktop-acs6se2,,review import candidate before creation,Physical product/material candidate.
quote-1468,1468,product,MULTI FUNCTION OVEN (AOS6SE1),EACH,category:appliances,subcategory:built-in-ovens,appliances,Appliances,product:appliances:built-in-ovens:multi-function-oven-aos6se1,,review import candidate before creation,Physical product/material candidate.
quote-1473,1473,product,EUROMAID MULTIFUNCTION OVEN BS8,EACH,category:appliances,subcategory:built-in-ovens,appliances,Appliances,product:appliances:built-in-ovens:euromaid-multifunction-oven-bs8,,review import candidate before creation,Physical product/material candidate.
quote-1474,1474,product,EUROMAID CERAN COOKTOP KCS4,EACH,category:appliances,subcategory:cooktops,appliances,Appliances,product:appliances:cooktops:euromaid-ceran-cooktop-kcs4,,review import candidate before creation,Physical product/material candidate.
quote-1475,1475,product,EUROMAID 600mm GAS COOKTOP WK60s,EACH,category:appliances,subcategory:cooktops,appliances,Appliances,product:appliances:cooktops:euromaid-600mm-gas-cooktop-wk60s,,review import candidate before creation,Physical product/material candidate.
quote-1476,1476,product,EUORMAID GLASS CANOPY RANGEHOOD,EACH,category:appliances,subcategory:rangehoods,appliances,Appliances,product:appliances:rangehoods:euormaid-glass-canopy-rangehood,,review import candidate before creation,Physical product/material candidate.
quote-1477,1477,product,EUROMAID RECIRULATING RANGEHOOD CS80S,EACH,category:appliances,subcategory:rangehoods,appliances,Appliances,product:appliances:rangehoods:euromaid-recirulating-rangehood-cs80s,,review import candidate before creation,Physical product/material candidate.
quote-1482,1482,product,ARISTON MULTIFUNCTION OVEN FZ51ix,EACH,category:appliances,subcategory:built-in-ovens,appliances,Appliances,product:appliances:built-in-ovens:ariston-multifunction-oven-fz51ix,,review import candidate before creation,Physical product/material candidate.
quote-1483,1483,product,ARISTON M/FUNCT OVEN WITH CLOCK & LINERS,EACH,category:appliances,subcategory:built-in-ovens,appliances,Appliances,product:appliances:built-in-ovens:ariston-m-funct-oven-with-clock-and-liners,,review import candidate before creation,Physical product/material candidate.
quote-1484,1484,product,ARISTON 600mm TOUCH CONTROL COOKTOP,EACH,category:appliances,subcategory:cooktops,appliances,Appliances,product:appliances:cooktops:ariston-600mm-touch-control-cooktop,,review import candidate before creation,Physical product/material candidate.
quote-1485,1485,product,ARISTON 600mm GAS COOKTOP PH640MTIX,EACH,category:appliances,subcategory:cooktops,appliances,Appliances,product:appliances:cooktops:ariston-600mm-gas-cooktop-ph640mtix,,review import candidate before creation,Physical product/material candidate.
quote-1486,1486,product,ARISTON GLASS COOKTOP PF640ESTix,EACH,category:appliances,subcategory:cooktops,appliances,Appliances,product:appliances:cooktops:ariston-glass-cooktop-pf640estix,,review import candidate before creation,Physical product/material candidate.
quote-1488,1488,product,ARISTON 900MM CANOPY RANGEHOOD SAR90ix,EACH,category:appliances,subcategory:rangehoods,appliances,Appliances,product:appliances:rangehoods:ariston-900mm-canopy-rangehood-sar90ix,,review import candidate before creation,Physical product/material candidate.
quote-1492,1492,product,ARISTON MICROWAVE OVEN MWA228ix,EACH,category:appliances,subcategory:built-in-ovens,appliances,Appliances,product:appliances:built-in-ovens:ariston-microwave-oven-mwa228ix,,review import candidate before creation,Physical product/material candidate.
quote-1497,1497,product,OMEGA 00651XR 600mm S/S OVEN,EACH,category:appliances,subcategory:built-in-ovens,appliances,Appliances,product:appliances:built-in-ovens:omega-00651xr-600mm-s-s-oven,,review import candidate before creation,Physical product/material candidate.
quote-1498,1498,product,OMEGA 0C64BA 600mm CERAMIC COOKTOP,EACH,category:appliances,subcategory:cooktops,appliances,Appliances,product:appliances:cooktops:omega-0c64ba-600mm-ceramic-cooktop,,review import candidate before creation,Physical product/material candidate.
quote-1499,1499,product,OMEGA ORT6WXA 600mm SLIDEOUT RANGEHOOD,EACH,category:appliances,subcategory:rangehoods,appliances,Appliances,product:appliances:rangehoods:omega-ort6wxa-600mm-slideout-rangehood,,review import candidate before creation,Physical product/material candidate.
quote-1502,1502,product,"OMEGA OO652XR 600mm s/steel multifunction oven, clock",EACH,category:appliances,subcategory:built-in-ovens,appliances,Appliances,product:appliances:built-in-ovens:omega-oo652xr-600mm-s-steel-multifunction-oven-clock,,review import candidate before creation,Physical product/material candidate.
quote-1503,1503,product,"OMEGA OO971XN 900mm s/steel multifunction oven, clock",EACH,category:appliances,subcategory:built-in-ovens,appliances,Appliances,product:appliances:built-in-ovens:omega-oo971xn-900mm-s-steel-multifunction-oven-clock,,review import candidate before creation,Physical product/material candidate.
quote-1505,1505,product,"OMEGA OG60XA 600mm s/steel gas cooktop, electric ignition",EACH,category:appliances,subcategory:cooktops,appliances,Appliances,product:appliances:cooktops:omega-og60xa-600mm-s-steel-gas-cooktop-electric-ignition,,review import candidate before creation,Physical product/material candidate.
quote-1506,1506,product,"OMEGA OG91XA 900mm s/steel gas cooktop, electric ignition,wok burner, cast trivets",EACH,category:appliances,subcategory:cooktops,appliances,Appliances,product:appliances:cooktops:omega-og91xa-900mm-s-steel-gas-cooktop-electric-ignition-wok-burner-cast-trivets,,review import candidate before creation,Physical product/material candidate.
quote-1507,1507,product,"OMEGA OG91XA 900mm ceramic cooktop, trimless,touch control",EACH,category:appliances,subcategory:cooktops,appliances,Appliances,product:appliances:cooktops:omega-og91xa-900mm-ceramic-cooktop-trimless-touch-control,,review import candidate before creation,Physical product/material candidate.
quote-1508,1508,product,"OMEGA OR617CXA 600mm s/steel canopy rangehood, 550m3/hr",EACH,category:appliances,subcategory:rangehoods,appliances,Appliances,product:appliances:rangehoods:omega-or617cxa-600mm-s-steel-canopy-rangehood-550m3-hr,,review import candidate before creation,Physical product/material candidate.
quote-1509,1509,product,"OMEGA OR917CXA 900mm s/steel canopy rangehood, 550m3/hr",EACH,category:appliances,subcategory:rangehoods,appliances,Appliances,product:appliances:rangehoods:omega-or917cxa-900mm-s-steel-canopy-rangehood-550m3-hr,,review import candidate before creation,Physical product/material candidate.
quote-1510,1510,product,OMEGA OR915CXA 900mm s/steel and curved glass canopy rangehood,EACH,category:appliances,subcategory:rangehoods,appliances,Appliances,product:appliances:rangehoods:omega-or915cxa-900mm-s-steel-and-curved-glass-canopy-rangehood,,review import candidate before creation,Physical product/material candidate.
quote-1511,1511,product,"OMEGA OR920CXB 900mm s/steel canopy rangehood, 900m3/hr, LED lighting",EACH,category:appliances,subcategory:rangehoods,appliances,Appliances,product:appliances:rangehoods:omega-or920cxb-900mm-s-steel-canopy-rangehood-900m3-hr-led-lighting,,review import candidate before creation,Physical product/material candidate.
quote-1517,1517,product,"BLANCO OE604XP 600mm s/steel fan forced oven, timer",EACH,category:appliances,subcategory:built-in-ovens,appliances,Appliances,product:appliances:built-in-ovens:blanco-oe604xp-600mm-s-steel-fan-forced-oven-timer,,review import candidate before creation,Physical product/material candidate.
quote-1518,1518,product,"BLANCO BCCK60N 600mm ceramic cooktop, trimless, knob control",EACH,category:appliances,subcategory:cooktops,appliances,Appliances,product:appliances:cooktops:blanco-bcck60n-600mm-ceramic-cooktop-trimless-knob-control,,review import candidate before creation,Physical product/material candidate.
quote-1519,1519,product,BLANCO BRSR60X 600mm s/steel slideaway front recirculating rangehood,EACH,category:appliances,subcategory:rangehoods,appliances,Appliances,product:appliances:rangehoods:blanco-brsr60x-600mm-s-steel-slideaway-front-recirculating-rangehood,,review import candidate before creation,Physical product/material candidate.
quote-1522,1522,product,"BLANCO OE606XP 600mm s/steel multifunction oven, clock",EACH,category:appliances,subcategory:built-in-ovens,appliances,Appliances,product:appliances:built-in-ovens:blanco-oe606xp-600mm-s-steel-multifunction-oven-clock,,review import candidate before creation,Physical product/material candidate.
quote-1523,1523,product,"BLANCO OE606X 600mm black glass multifunction oven, clock",EACH,category:appliances,subcategory:built-in-ovens,appliances,Appliances,product:appliances:built-in-ovens:blanco-oe606x-600mm-black-glass-multifunction-oven-clock,,review import candidate before creation,Physical product/material candidate.
quote-1524,1524,product,"BLANCO OE908XP 900mm s/steel multifunction oven, clock",EACH,category:appliances,subcategory:built-in-ovens,appliances,Appliances,product:appliances:built-in-ovens:blanco-oe908xp-900mm-s-steel-multifunction-oven-clock,,review import candidate before creation,Physical product/material candidate.
quote-1526,1526,product,"BLANCO CG604WXP 600mm s/steel gas cooktop, wok burner, electric ignition",EACH,category:appliances,subcategory:cooktops,appliances,Appliances,product:appliances:cooktops:blanco-cg604wxp-600mm-s-steel-gas-cooktop-wok-burner-electric-ignition,,review import candidate before creation,Physical product/material candidate.
quote-1527,1527,product,"BLANCO CG905WXC 900mm s/steel gas cooktop, elect ign,wok burner, cast trivets",EACH,category:appliances,subcategory:cooktops,appliances,Appliances,product:appliances:cooktops:blanco-cg905wxc-900mm-s-steel-gas-cooktop-elect-ign-wok-burner-cast-trivets,,review import candidate before creation,Physical product/material candidate.
quote-1528,1528,product,"BLANCO CCT905X 900mm ceramic cooktop, trimless, touch control, autoboil, timer",EACH,category:appliances,subcategory:cooktops,appliances,Appliances,product:appliances:cooktops:blanco-cct905x-900mm-ceramic-cooktop-trimless-touch-control-autoboil-timer,,review import candidate before creation,Physical product/material candidate.
quote-1529,1529,product,"BLANCO BWCE9X 900mm s/steel canopy rangehood, 650m3/hr",EACH,category:appliances,subcategory:rangehoods,appliances,Appliances,product:appliances:rangehoods:blanco-bwce9x-900mm-s-steel-canopy-rangehood-650m3-hr,,review import candidate before creation,Physical product/material candidate.
quote-1530,1530,product,"BLANCO BWC9X 900mm s/steel canopy rangehood, 900m3/hr",EACH,category:appliances,subcategory:rangehoods,appliances,Appliances,product:appliances:rangehoods:blanco-bwc9x-900mm-s-steel-canopy-rangehood-900m3-hr,,review import candidate before creation,Physical product/material candidate.
quote-1532,1532,product,BLANCO MF29SX s/steel 29 litre microwave,EACH,category:appliances,subcategory:microwaves,appliances,Appliances,product:appliances:microwaves:blanco-mf29sx-s-steel-29-litre-microwave,,review import candidate before creation,Physical product/material candidate.
quote-1533,1533,product,BLANCO MTK29X 600mm s/steel built in trim kit for microwave,EACH,category:appliances,subcategory:microwaves,appliances,Appliances,product:appliances:microwaves:blanco-mtk29x-600mm-s-steel-built-in-trim-kit-for-microwave,,review import candidate before creation,Physical product/material candidate.
quote-1538,1538,product,"SMEG SA561X-9 600mm s/steel 9 function oven, thermoseal cooking, timer",EACH,category:appliances,subcategory:built-in-ovens,appliances,Appliances,product:appliances:built-in-ovens:smeg-sa561x-9-600mm-s-steel-9-function-oven-thermoseal-cooking-timer,,review import candidate before creation,Physical product/material candidate.
quote-1539,1539,product,"SMEG SA611XC 600mm ceramic cooktop, trimless, touch control",EACH,category:appliances,subcategory:cooktops,appliances,Appliances,product:appliances:cooktops:smeg-sa611xc-600mm-ceramic-cooktop-trimless-touch-control,,review import candidate before creation,Physical product/material candidate.
quote-1540,1540,product,SMEG SAH460SS-1 600mm s/steel slideaway front recirculating rangehood,EACH,category:appliances,subcategory:rangehoods,appliances,Appliances,product:appliances:rangehoods:smeg-sah460ss-1-600mm-s-steel-slideaway-front-recirculating-rangehood,,review import candidate before creation,Physical product/material candidate.
quote-1543,1543,product,"SMEG SA578X-9 600mm s/steel 9 function oven, thermoseal cooking, programmable clock",EACH,category:appliances,subcategory:built-in-ovens,appliances,Appliances,product:appliances:built-in-ovens:smeg-sa578x-9-600mm-s-steel-9-function-oven-thermoseal-cooking-programmable-clock,,review import candidate before creation,Physical product/material candidate.
quote-1547,1547,product,"SMEG SA990XR8 900mm s/steel multifunction oven, thermoseal cooking, programmable clock",EACH,category:appliances,subcategory:built-in-ovens,appliances,Appliances,product:appliances:built-in-ovens:smeg-sa990xr8-900mm-s-steel-multifunction-oven-thermoseal-cooking-programmable-clock,,review import candidate before creation,Physical product/material candidate.
quote-1548,1548,product,"SMEG CIR66XS 600mm s/steel gas cooktop, wok burner, cast trivets, flame failure",EACH,category:appliances,subcategory:cooktops,appliances,Appliances,product:appliances:cooktops:smeg-cir66xs-600mm-s-steel-gas-cooktop-wok-burner-cast-trivets-flame-failure,,review import candidate before creation,Physical product/material candidate.
quote-1549,1549,product,"SMEG CIR93AXS 900mm s/steel gas cooktop, wok burner, cast trivets, flame failure",EACH,category:appliances,subcategory:cooktops,appliances,Appliances,product:appliances:cooktops:smeg-cir93axs-900mm-s-steel-gas-cooktop-wok-burner-cast-trivets-flame-failure,,review import candidate before creation,Physical product/material candidate.
quote-1550,1550,product,"SMEG SIHP263S 600mm 3 zone induction cooktop ,trimless, touch control",EACH,category:appliances,subcategory:cooktops,appliances,Appliances,product:appliances:cooktops:smeg-sihp263s-600mm-3-zone-induction-cooktop-trimless-touch-control,,review import candidate before creation,Physical product/material candidate.
quote-1551,1551,product,"SMEG SIHP294S 900mm 4 zone induction cooktop ,trimless, touch control",EACH,category:appliances,subcategory:cooktops,appliances,Appliances,product:appliances:cooktops:smeg-sihp294s-900mm-4-zone-induction-cooktop-trimless-touch-control,,review import candidate before creation,Physical product/material candidate.
quote-1552,1552,product,"SMEG K181V90 900mm s/steel canopy rangehood, black glass fascia, 590m3/hr",EACH,category:appliances,subcategory:rangehoods,appliances,Appliances,product:appliances:rangehoods:smeg-k181v90-900mm-s-steel-canopy-rangehood-black-glass-fascia-590m3-hr,,review import candidate before creation,Physical product/material candidate.
quote-1554,1554,product,SMEG SA35MX s/steel 34 litre microwave,EACH,category:appliances,subcategory:microwaves,appliances,Appliances,product:appliances:microwaves:smeg-sa35mx-s-steel-34-litre-microwave,,review import candidate before creation,Physical product/material candidate.
quote-1555,1555,product,SMEG STK60X34D 600mm s/steel built in trim kit for microwave,EACH,category:appliances,subcategory:microwaves,appliances,Appliances,product:appliances:microwaves:smeg-stk60x34d-600mm-s-steel-built-in-trim-kit-for-microwave,,review import candidate before creation,Physical product/material candidate.
quote-1585,1585,product,WALL TILES,M2,category:plumbing-fixtures,subcategory:baths,plumbing-fixtures-fittings,Plumbing Fixtures & Fittings,product:plumbing-fixtures:baths:wall-tiles,,review import candidate before creation,Physical product/material candidate.
quote-1586,1586,product,900 x 900 x 2.0 SHOWER RECESS (3.6 M2),EACH,category:plumbing-fixtures,subcategory:baths,plumbing-fixtures-fittings,Plumbing Fixtures & Fittings,product:plumbing-fixtures:baths:900-x-900-x-2-0-shower-recess-3-6-m2,,review import candidate before creation,Physical product/material candidate.
quote-1587,1587,product,SKIRTING TILES,M2,category:plumbing-fixtures,subcategory:baths,plumbing-fixtures-fittings,Plumbing Fixtures & Fittings,product:plumbing-fixtures:baths:skirting-tiles,,review import candidate before creation,Physical product/material candidate.
quote-1588,1588,product,FLOOR TILES,M2,category:plumbing-fixtures,subcategory:baths,plumbing-fixtures-fittings,Plumbing Fixtures & Fittings,product:plumbing-fixtures:baths:floor-tiles,,review import candidate before creation,Physical product/material candidate.
quote-1589,1589,product,BATH ARPON (1.8 M2),M2,category:plumbing-fixtures,subcategory:baths,plumbing-fixtures-fittings,Plumbing Fixtures & Fittings,product:plumbing-fixtures:baths:bath-arpon-1-8-m2,,review import candidate before creation,Physical product/material candidate.
quote-1590,1590,product,BATH HOB (1 M2),M2,category:plumbing-fixtures,subcategory:baths,plumbing-fixtures-fittings,Plumbing Fixtures & Fittings,product:plumbing-fixtures:baths:bath-hob-1-m2,,review import candidate before creation,Physical product/material candidate.
quote-1591,1591,product,SPLASHBACK,M2,category:plumbing-fixtures,subcategory:baths,benchtops-surfaces,Benchtops & Surfaces,product:plumbing-fixtures:baths:splashback,,review import candidate before creation,Physical product/material candidate.
quote-1592,1592,product,SOAP HOLDER,EACH,category:plumbing-fixtures,subcategory:baths,plumbing-fixtures-fittings,Plumbing Fixtures & Fittings,product:plumbing-fixtures:baths:soap-holder,,review import candidate before creation,Physical product/material candidate.
quote-1593,1593,product,FREEZE TILES (50 x 200),EACH,category:plumbing-fixtures,subcategory:baths,plumbing-fixtures-fittings,Plumbing Fixtures & Fittings,product:plumbing-fixtures:baths:freeze-tiles-50-x-200,,review import candidate before creation,Physical product/material candidate.
quote-1594,1594,product,FEATURE TILES,SHEET,category:plumbing-fixtures,subcategory:baths,plumbing-fixtures-fittings,Plumbing Fixtures & Fittings,product:plumbing-fixtures:baths:feature-tiles,,review import candidate before creation,Physical product/material candidate.
quote-1595,1595,product,OTHER,M2,category:plumbing-fixtures,subcategory:baths,plumbing-fixtures-fittings,Plumbing Fixtures & Fittings,product:plumbing-fixtures:baths:other,,review import candidate before creation,Physical product/material candidate.
quote-1598,1598,product,WALL TILES,M2,category:flooring-tiling,subcategory:wall-tiles,wall-ceiling-finishes,Wall & Ceiling Finishes,product:flooring-tiling:wall-tiles:wall-tiles,,review import candidate before creation,Physical product/material candidate.
quote-1599,1599,product,900 x 900 x 2.0 SHOWER (3.6 M2) OR (6.6 M2),EACH,category:plumbing-fixtures,subcategory:showers,plumbing-fixtures-fittings,Plumbing Fixtures & Fittings,product:plumbing-fixtures:showers:900-x-900-x-2-0-shower-3-6-m2-or-6-6-m2,,review import candidate before creation,Physical product/material candidate.
quote-1600,1600,product,SKIRTING TILES,M2,category:flooring-tiling,subcategory:skirting-tiles,flooring,Flooring,product:flooring-tiling:skirting-tiles:skirting-tiles,,review import candidate before creation,Physical product/material candidate.
quote-1601,1601,product,FLOOR TILES,M2,category:flooring-tiling,subcategory:floor-tiles,flooring,Flooring,product:flooring-tiling:floor-tiles:floor-tiles,,review import candidate before creation,Physical product/material candidate.
quote-1602,1602,product,BATH ARPON,M2,category:plumbing-fixtures,subcategory:baths,plumbing-fixtures-fittings,Plumbing Fixtures & Fittings,product:plumbing-fixtures:baths:bath-arpon,,review import candidate before creation,Physical product/material candidate.
quote-1603,1603,product,BATH HOB,M2,category:plumbing-fixtures,subcategory:baths,plumbing-fixtures-fittings,Plumbing Fixtures & Fittings,product:plumbing-fixtures:baths:bath-hob,,review import candidate before creation,Physical product/material candidate.
quote-1606,1606,product,FREEZE TILES (50 x 200),EACH,category:flooring-tiling,subcategory:freeze-tiles-50-x-200,flooring,Flooring,product:flooring-tiling:freeze-tiles-50-x-200:freeze-tiles-50-x-200,,review import candidate before creation,Physical product/material candidate.
quote-1607,1607,product,FEATURE TILES,SHEET,category:flooring-tiling,subcategory:feature-tiles,flooring,Flooring,product:flooring-tiling:feature-tiles:feature-tiles,,review import candidate before creation,Physical product/material candidate.
quote-1611,1611,product,WALL TILES,M2,category:flooring-tiling,subcategory:wall-tiles,wall-ceiling-finishes,Wall & Ceiling Finishes,product:flooring-tiling:wall-tiles:wall-tiles,,review import candidate before creation,Physical product/material candidate.
quote-1612,1612,product,900 x 900 x 2.0 SHOWER (3.6 M2) OR (6.6 M2),EACH,category:plumbing-fixtures,subcategory:showers,plumbing-fixtures-fittings,Plumbing Fixtures & Fittings,product:plumbing-fixtures:showers:900-x-900-x-2-0-shower-3-6-m2-or-6-6-m2,,review import candidate before creation,Physical product/material candidate.
quote-1613,1613,product,SKIRTING TILES,M2,category:flooring-tiling,subcategory:skirting-tiles,flooring,Flooring,product:flooring-tiling:skirting-tiles:skirting-tiles,,review import candidate before creation,Physical product/material candidate.
quote-1614,1614,product,FLOOR TILES,M2,category:flooring-tiling,subcategory:floor-tiles,flooring,Flooring,product:flooring-tiling:floor-tiles:floor-tiles,,review import candidate before creation,Physical product/material candidate.
quote-1615,1615,product,BATH ARPON,M2,category:plumbing-fixtures,subcategory:baths,plumbing-fixtures-fittings,Plumbing Fixtures & Fittings,product:plumbing-fixtures:baths:bath-arpon,,review import candidate before creation,Physical product/material candidate.
quote-1616,1616,product,BATH HOB,M2,category:plumbing-fixtures,subcategory:baths,plumbing-fixtures-fittings,Plumbing Fixtures & Fittings,product:plumbing-fixtures:baths:bath-hob,,review import candidate before creation,Physical product/material candidate.
quote-1619,1619,product,FREEZE TILES (50 x 200),EACH,category:flooring-tiling,subcategory:freeze-tiles-50-x-200,flooring,Flooring,product:flooring-tiling:freeze-tiles-50-x-200:freeze-tiles-50-x-200,,review import candidate before creation,Physical product/material candidate.
quote-1620,1620,product,FEATURE TILES,SHEET,category:flooring-tiling,subcategory:feature-tiles,flooring,Flooring,product:flooring-tiling:feature-tiles:feature-tiles,,review import candidate before creation,Physical product/material candidate.
quote-1624,1624,product,WALL TILES,M2,category:flooring-tiling,subcategory:wall-tiles,wall-ceiling-finishes,Wall & Ceiling Finishes,product:flooring-tiling:wall-tiles:wall-tiles,,review import candidate before creation,Physical product/material candidate.
quote-1625,1625,product,FLOOR TILES,M2,category:flooring-tiling,subcategory:floor-tiles,flooring,Flooring,product:flooring-tiling:floor-tiles:floor-tiles,,review import candidate before creation,Physical product/material candidate.
quote-1626,1626,product,SKIRTING TILES,M2,category:flooring-tiling,subcategory:skirting-tiles,flooring,Flooring,product:flooring-tiling:skirting-tiles:skirting-tiles,,review import candidate before creation,Physical product/material candidate.
quote-1630,1630,product,SKIRTING TILES,M2,category:plumbing-fixtures,subcategory:toilets,plumbing-fixtures-fittings,Plumbing Fixtures & Fittings,product:plumbing-fixtures:toilets:skirting-tiles,,review import candidate before creation,Physical product/material candidate.
quote-1631,1631,product,FLOOR TILES,M2,category:plumbing-fixtures,subcategory:toilets,plumbing-fixtures-fittings,Plumbing Fixtures & Fittings,product:plumbing-fixtures:toilets:floor-tiles,,review import candidate before creation,Physical product/material candidate.
quote-1634,1634,product,WALL TILES,M2,category:flooring-tiling,subcategory:wall-tiles,wall-ceiling-finishes,Wall & Ceiling Finishes,product:flooring-tiling:wall-tiles:wall-tiles,,review import candidate before creation,Physical product/material candidate.
quote-1635,1635,product,FLOOR TILES,M2,category:flooring-tiling,subcategory:floor-tiles,flooring,Flooring,product:flooring-tiling:floor-tiles:floor-tiles,,review import candidate before creation,Physical product/material candidate.
quote-1636,1636,product,SKIRTING TILES,M2,category:flooring-tiling,subcategory:skirting-tiles,flooring,Flooring,product:flooring-tiling:skirting-tiles:skirting-tiles,,review import candidate before creation,Physical product/material candidate.
quote-1640,1640,product,WALL TILES,M2,category:flooring-tiling,subcategory:wall-tiles,wall-ceiling-finishes,Wall & Ceiling Finishes,product:flooring-tiling:wall-tiles:wall-tiles,,review import candidate before creation,Physical product/material candidate.
quote-1641,1641,product,FLOOR TILES,M2,category:flooring-tiling,subcategory:floor-tiles,flooring,Flooring,product:flooring-tiling:floor-tiles:floor-tiles,,review import candidate before creation,Physical product/material candidate.
quote-1646,1646,product,LAY NORMAL TILES,M2,category:flooring-tiling,subcategory:lay-normal-tiles,flooring,Flooring,product:flooring-tiling:lay-normal-tiles:lay-normal-tiles,,review import candidate before creation,Physical product/material candidate.
quote-1647,1647,product,LAY PORCELAIN TILES,M2,category:flooring-tiling,subcategory:lay-porcelain-tiles,flooring,Flooring,product:flooring-tiling:lay-porcelain-tiles:lay-porcelain-tiles,,review import candidate before creation,Physical product/material candidate.
quote-1648,1648,product,SHOWER HOBS,EACH,category:plumbing-fixtures,subcategory:showers,plumbing-fixtures-fittings,Plumbing Fixtures & Fittings,product:plumbing-fixtures:showers:shower-hobs,,review import candidate before creation,Physical product/material candidate.
quote-1649,1649,product,BATH HOBS,EACH,category:plumbing-fixtures,subcategory:baths,plumbing-fixtures-fittings,Plumbing Fixtures & Fittings,product:plumbing-fixtures:baths:bath-hobs,,review import candidate before creation,Physical product/material candidate.
quote-1651,1651,product,SHOWER BASES,EACH,category:plumbing-fixtures,subcategory:showers,plumbing-fixtures-fittings,Plumbing Fixtures & Fittings,product:plumbing-fixtures:showers:shower-bases,,review import candidate before creation,Physical product/material candidate.
quote-1652,1652,product,TILE UNDERLAY TO TILED AREAS,ITEM,category:flooring-tiling,subcategory:tile-underlay-to-tiled-areas,flooring,Flooring,product:flooring-tiling:tile-underlay-to-tiled-areas:tile-underlay-to-tiled-areas,,review import candidate before creation,Physical product/material candidate.
quote-1653,1653,product,MITRE CUTS,LM,category:flooring-tiling,subcategory:mitre-cuts,flooring,Flooring,product:flooring-tiling:mitre-cuts:mitre-cuts,,review import candidate before creation,Physical product/material candidate.
quote-1654,1654,product,SPECIALITY WORK,M2,category:flooring-tiling,subcategory:speciality-work,flooring,Flooring,product:flooring-tiling:speciality-work:speciality-work,,review import candidate before creation,Physical product/material candidate.
quote-1662,1662,product,RAYMOR ATLANTIC 1 3/4 BOWL,EACH,category:plumbing-fixtures,subcategory:raymor-atlantic-1-3-4-bowl,plumbing-fixtures-fittings,Plumbing Fixtures & Fittings,product:plumbing-fixtures:raymor-atlantic-1-3-4-bowl:raymor-atlantic-1-3-4-bowl,,review import candidate before creation,Physical product/material candidate.
quote-1663,1663,product,RAYMOR ARABIAN 1 3/4 BOWL 1080mm,EACH,category:plumbing-fixtures,subcategory:raymor-arabian-1-3-4-bowl-1080mm,plumbing-fixtures-fittings,Plumbing Fixtures & Fittings,product:plumbing-fixtures:raymor-arabian-1-3-4-bowl-1080mm:raymor-arabian-1-3-4-bowl-1080mm,,review import candidate before creation,Physical product/material candidate.
quote-1664,1664,product,RAYMOR CORAL 1 3/4 BOWL 1080mm w COL & BRD,EACH,category:plumbing-fixtures,subcategory:raymor-coral-1-3-4-bowl-1080mm-w-col-and-brd,plumbing-fixtures-fittings,Plumbing Fixtures & Fittings,product:plumbing-fixtures:raymor-coral-1-3-4-bowl-1080mm-w-col-and-brd:raymor-coral-1-3-4-bowl-1080mm-w-col-and-brd,,review import candidate before creation,Physical product/material candidate.
quote-1665,1665,product,OLIVERI DIAZ DZ111/112 1 3/4 BOWL 1080mm,EACH,category:plumbing-fixtures,subcategory:oliveri-diaz-dz111-112-1-3-4-bowl-1080mm,plumbing-fixtures-fittings,Plumbing Fixtures & Fittings,product:plumbing-fixtures:oliveri-diaz-dz111-112-1-3-4-bowl-1080mm:oliveri-diaz-dz111-112-1-3-4-bowl-1080mm,,review import candidate before creation,Physical product/material candidate.
quote-1666,1666,product,JAVA DBL BOWL U/MOUNT 880mm,EACH,category:plumbing-fixtures,subcategory:java-dbl-bowl-u-mount-880mm,plumbing-fixtures-fittings,Plumbing Fixtures & Fittings,product:plumbing-fixtures:java-dbl-bowl-u-mount-880mm:java-dbl-bowl-u-mount-880mm,,review import candidate before creation,Physical product/material candidate.
quote-1667,1667,product,OLIVERI DIAZ DBL BOWL U/MOUNT 770mm,EACH,category:plumbing-fixtures,subcategory:oliveri-diaz-dbl-bowl-u-mount-770mm,plumbing-fixtures-fittings,Plumbing Fixtures & Fittings,product:plumbing-fixtures:oliveri-diaz-dbl-bowl-u-mount-770mm:oliveri-diaz-dbl-bowl-u-mount-770mm,,review import candidate before creation,Physical product/material candidate.
quote-1668,1668,product,ELAN DBL BOWL U/MOUNT 690mm,EACH,category:plumbing-fixtures,subcategory:elan-dbl-bowl-u-mount-690mm,plumbing-fixtures-fittings,Plumbing Fixtures & Fittings,product:plumbing-fixtures:elan-dbl-bowl-u-mount-690mm:elan-dbl-bowl-u-mount-690mm,,review import candidate before creation,Physical product/material candidate.
quote-1669,1669,product,OLIVERI EL001/002 1 1/2 BOWL 980mm,EACH,category:plumbing-fixtures,subcategory:oliveri-el001-002-1-1-2-bowl-980mm,plumbing-fixtures-fittings,Plumbing Fixtures & Fittings,product:plumbing-fixtures:oliveri-el001-002-1-1-2-bowl-980mm:oliveri-el001-002-1-1-2-bowl-980mm,,review import candidate before creation,Physical product/material candidate.
quote-1670,1670,product,OLIVERI EL011/012 1/1/2 BOWL 1080mm,EACH,category:plumbing-fixtures,subcategory:oliveri-el011-012-1-1-2-bowl-1080mm,plumbing-fixtures-fittings,Plumbing Fixtures & Fittings,product:plumbing-fixtures:oliveri-el011-012-1-1-2-bowl-1080mm:oliveri-el011-012-1-1-2-bowl-1080mm,,review import candidate before creation,Physical product/material candidate.
quote-1671,1671,product,OLIVERI EL071/072 DBL BOWL 1135mm,EACH,category:plumbing-fixtures,subcategory:oliveri-el071-072-dbl-bowl-1135mm,plumbing-fixtures-fittings,Plumbing Fixtures & Fittings,product:plumbing-fixtures:oliveri-el071-072-dbl-bowl-1135mm:oliveri-el071-072-dbl-bowl-1135mm,,review import candidate before creation,Physical product/material candidate.
quote-1672,1672,product,OLIVERI EL063U DBL BOWL U/MOUNT,EACH,category:plumbing-fixtures,subcategory:oliveri-el063u-dbl-bowl-u-mount,plumbing-fixtures-fittings,Plumbing Fixtures & Fittings,product:plumbing-fixtures:oliveri-el063u-dbl-bowl-u-mount:oliveri-el063u-dbl-bowl-u-mount,,review import candidate before creation,Physical product/material candidate.
quote-1675,1675,product,RAYMOR CLERMONT,EACH,category:plumbing-fixtures,subcategory:tapware,plumbing-fixtures-fittings,Plumbing Fixtures & Fittings,product:plumbing-fixtures:tapware:raymor-clermont,,review import candidate before creation,Physical product/material candidate.
quote-1676,1676,product,RAYMOR VICTORIA SPRAY,EACH,category:plumbing-fixtures,subcategory:tapware,plumbing-fixtures-fittings,Plumbing Fixtures & Fittings,product:plumbing-fixtures:tapware:raymor-victoria-spray,,review import candidate before creation,Physical product/material candidate.
quote-1677,1677,product,RAYMOR ACADEMY PILLAR,EACH,category:plumbing-fixtures,subcategory:tapware,plumbing-fixtures-fittings,Plumbing Fixtures & Fittings,product:plumbing-fixtures:tapware:raymor-academy-pillar,,review import candidate before creation,Physical product/material candidate.
quote-1678,1678,product,RAYMOR TORINO GOOSENECK,EACH,category:plumbing-fixtures,subcategory:tapware,plumbing-fixtures-fittings,Plumbing Fixtures & Fittings,product:plumbing-fixtures:tapware:raymor-torino-gooseneck,,review import candidate before creation,Physical product/material candidate.
quote-1679,1679,product,KOHLER SINGULAR,EACH,category:plumbing-fixtures,subcategory:tapware,plumbing-fixtures-fittings,Plumbing Fixtures & Fittings,product:plumbing-fixtures:tapware:kohler-singular,,review import candidate before creation,Physical product/material candidate.
quote-1680,1680,product,RAYMOR TORINO MULTI FUNCTION MIXER,EACH,category:plumbing-fixtures,subcategory:tapware,plumbing-fixtures-fittings,Plumbing Fixtures & Fittings,product:plumbing-fixtures:tapware:raymor-torino-multi-function-mixer,,review import candidate before creation,Physical product/material candidate.
quote-1681,1681,product,SINK MIXER ARTESIAN - TRADELINK,EACH,category:plumbing-fixtures,subcategory:tapware,plumbing-fixtures-fittings,Plumbing Fixtures & Fittings,product:plumbing-fixtures:tapware:sink-mixer-artesian-tradelink,,review import candidate before creation,Physical product/material candidate.
quote-1682,1682,product,KOHLER JULY MIXER,EACH,category:plumbing-fixtures,subcategory:tapware,plumbing-fixtures-fittings,Plumbing Fixtures & Fittings,product:plumbing-fixtures:tapware:kohler-july-mixer,,review import candidate before creation,Physical product/material candidate.
quote-1683,1683,product,KOHLER VITEO/PIN,EACH,category:plumbing-fixtures,subcategory:tapware,plumbing-fixtures-fittings,Plumbing Fixtures & Fittings,product:plumbing-fixtures:tapware:kohler-viteo-pin,,review import candidate before creation,Physical product/material candidate.
quote-1684,1684,product,OLIVERI SINGLE LEVER MIXER,EACH,category:plumbing-fixtures,subcategory:tapware,plumbing-fixtures-fittings,Plumbing Fixtures & Fittings,product:plumbing-fixtures:tapware:oliveri-single-lever-mixer,,review import candidate before creation,Physical product/material candidate.
quote-1685,1685,product,OLIVERI SINGLE LEVER GOOSENECK,EACH,category:plumbing-fixtures,subcategory:tapware,plumbing-fixtures-fittings,Plumbing Fixtures & Fittings,product:plumbing-fixtures:tapware:oliveri-single-lever-gooseneck,,review import candidate before creation,Physical product/material candidate.
quote-1688,1688,product,CORAL 560 1 T/H,EACH,category:plumbing-fixtures,subcategory:basins,plumbing-fixtures-fittings,Plumbing Fixtures & Fittings,product:plumbing-fixtures:basins:coral-560-1-t-h,,review import candidate before creation,Physical product/material candidate.
quote-1689,1689,product,RAYMOR AMETHYST 405 x 410 1 T/H,EACH,category:plumbing-fixtures,subcategory:basins,plumbing-fixtures-fittings,Plumbing Fixtures & Fittings,product:plumbing-fixtures:basins:raymor-amethyst-405-x-410-1-t-h,,review import candidate before creation,Physical product/material candidate.
quote-1690,1690,product,RAYMOR AMETHYST 500 x 445 1 T/H,EACH,category:plumbing-fixtures,subcategory:basins,plumbing-fixtures-fittings,Plumbing Fixtures & Fittings,product:plumbing-fixtures:basins:raymor-amethyst-500-x-445-1-t-h,,review import candidate before creation,Physical product/material candidate.
quote-1691,1691,product,KOHLER FOREFRONT VESSEL 580 WIDE 1 T/H,EACH,category:plumbing-fixtures,subcategory:basins,plumbing-fixtures-fittings,Plumbing Fixtures & Fittings,product:plumbing-fixtures:basins:kohler-forefront-vessel-580-wide-1-t-h,,review import candidate before creation,Physical product/material candidate.
quote-1692,1692,product,KOHLER VESSEL FOREFRONT NO T/H 413 WIDE,EACH,category:plumbing-fixtures,subcategory:basins,plumbing-fixtures-fittings,Plumbing Fixtures & Fittings,product:plumbing-fixtures:basins:kohler-vessel-forefront-no-t-h-413-wide,,review import candidate before creation,Physical product/material candidate.
quote-1693,1693,product,KOHLER CONICAL BELL VESSEL,EACH,category:plumbing-fixtures,subcategory:basins,plumbing-fixtures-fittings,Plumbing Fixtures & Fittings,product:plumbing-fixtures:basins:kohler-conical-bell-vessel,,review import candidate before creation,Physical product/material candidate.
quote-1694,1694,product,RAYMOR CORAL SEMI RECESSED 1 T/H 500 x 430,EACH,category:plumbing-fixtures,subcategory:basins,plumbing-fixtures-fittings,Plumbing Fixtures & Fittings,product:plumbing-fixtures:basins:raymor-coral-semi-recessed-1-t-h-500-x-430,,review import candidate before creation,Physical product/material candidate.
quote-1695,1695,product,RAYMOR AQUAMARINE SEMI RECESSED 1 T/H,EACH,category:plumbing-fixtures,subcategory:basins,plumbing-fixtures-fittings,Plumbing Fixtures & Fittings,product:plumbing-fixtures:basins:raymor-aquamarine-semi-recessed-1-t-h,,review import candidate before creation,Physical product/material candidate.
quote-1699,1699,product,QUARTZ WALL MOUNT 1 T/H,EACH,category:plumbing-fixtures,subcategory:basins,plumbing-fixtures-fittings,Plumbing Fixtures & Fittings,product:plumbing-fixtures:basins:quartz-wall-mount-1-t-h,,review import candidate before creation,Physical product/material candidate.
quote-1700,1700,product,RAYMOR CORAL WALL MOUNT 1 T/H,EACH,category:plumbing-fixtures,subcategory:basins,plumbing-fixtures-fittings,Plumbing Fixtures & Fittings,product:plumbing-fixtures:basins:raymor-coral-wall-mount-1-t-h,,review import candidate before creation,Physical product/material candidate.
quote-1701,1701,product,RAYMOR CORAL PEDESTAL STAND,EACH,category:plumbing-fixtures,subcategory:basins,plumbing-fixtures-fittings,Plumbing Fixtures & Fittings,product:plumbing-fixtures:basins:raymor-coral-pedestal-stand,,review import candidate before creation,Physical product/material candidate.
quote-1702,1702,product,PRESQUILE WALL MOUNT 450 W/TOWEL RAIL,EACH,category:plumbing-fixtures,subcategory:basins,plumbing-fixtures-fittings,Plumbing Fixtures & Fittings,product:plumbing-fixtures:basins:presquile-wall-mount-450-w-towel-rail,,review import candidate before creation,Physical product/material candidate.
quote-1703,1703,product,ESCALE 500 WALL MOUNT 1 T/H W/ TOWEL RAIL,EACH,category:plumbing-fixtures,subcategory:basins,plumbing-fixtures-fittings,Plumbing Fixtures & Fittings,product:plumbing-fixtures:basins:escale-500-wall-mount-1-t-h-w-towel-rail,,review import candidate before creation,Physical product/material candidate.
quote-1707,1707,product,RAYMOR CLERMONT,EACH,category:plumbing-fixtures,subcategory:basins,plumbing-fixtures-fittings,Plumbing Fixtures & Fittings,product:plumbing-fixtures:basins:raymor-clermont,,review import candidate before creation,Physical product/material candidate.
quote-1708,1708,product,RAYMOR ACADEMY PILLAR 76mm,EACH,category:plumbing-fixtures,subcategory:basins,plumbing-fixtures-fittings,Plumbing Fixtures & Fittings,product:plumbing-fixtures:basins:raymor-academy-pillar-76mm,,review import candidate before creation,Physical product/material candidate.
quote-1709,1709,product,RAYMOR ACADEMY PILLAR 220mm,EACH,category:plumbing-fixtures,subcategory:basins,plumbing-fixtures-fittings,Plumbing Fixtures & Fittings,product:plumbing-fixtures:basins:raymor-academy-pillar-220mm,,review import candidate before creation,Physical product/material candidate.
quote-1710,1710,product,ARTISIAN BASIN MIXER,EACH,category:plumbing-fixtures,subcategory:tapware,plumbing-fixtures-fittings,Plumbing Fixtures & Fittings,product:plumbing-fixtures:tapware:artisian-basin-mixer,,review import candidate before creation,Physical product/material candidate.
quote-1711,1711,product,KOHLER JULY,EACH,category:plumbing-fixtures,subcategory:basins,plumbing-fixtures-fittings,Plumbing Fixtures & Fittings,product:plumbing-fixtures:basins:kohler-july,,review import candidate before creation,Physical product/material candidate.
quote-1712,1712,product,KOHLER VITEO PIN,EACH,category:plumbing-fixtures,subcategory:basins,plumbing-fixtures-fittings,Plumbing Fixtures & Fittings,product:plumbing-fixtures:basins:kohler-viteo-pin,,review import candidate before creation,Physical product/material candidate.
quote-1713,1713,product,KOHLER SINGULIER,EACH,category:plumbing-fixtures,subcategory:basins,plumbing-fixtures-fittings,Plumbing Fixtures & Fittings,product:plumbing-fixtures:basins:kohler-singulier,,review import candidate before creation,Physical product/material candidate.
quote-1714,1714,product,KOHLER SINGULIER TALL,EACH,category:plumbing-fixtures,subcategory:basins,plumbing-fixtures-fittings,Plumbing Fixtures & Fittings,product:plumbing-fixtures:basins:kohler-singulier-tall,,review import candidate before creation,Physical product/material candidate.
quote-1717,1717,product,RAYMOR CLERMONT,EACH,category:plumbing-fixtures,subcategory:tapware,plumbing-fixtures-fittings,Plumbing Fixtures & Fittings,product:plumbing-fixtures:tapware:raymor-clermont,,review import candidate before creation,Physical product/material candidate.
quote-1718,1718,product,RAYMOR ACADEMY PILLAR,EACH,category:plumbing-fixtures,subcategory:tapware,plumbing-fixtures-fittings,Plumbing Fixtures & Fittings,product:plumbing-fixtures:tapware:raymor-academy-pillar,,review import candidate before creation,Physical product/material candidate.
quote-1719,1719,product,KOHLER JULY,EACH,category:plumbing-fixtures,subcategory:tapware,plumbing-fixtures-fittings,Plumbing Fixtures & Fittings,product:plumbing-fixtures:tapware:kohler-july,,review import candidate before creation,Physical product/material candidate.
quote-1720,1720,product,KOHLER VITEO PIN,EACH,category:plumbing-fixtures,subcategory:tapware,plumbing-fixtures-fittings,Plumbing Fixtures & Fittings,product:plumbing-fixtures:tapware:kohler-viteo-pin,,review import candidate before creation,Physical product/material candidate.
quote-1721,1721,product,KOHLER SINGULIER,EACH,category:plumbing-fixtures,subcategory:tapware,plumbing-fixtures-fittings,Plumbing Fixtures & Fittings,product:plumbing-fixtures:tapware:kohler-singulier,,review import candidate before creation,Physical product/material candidate.
quote-1724,1724,product,RAYMOR UPSWEPT,EACH,category:plumbing-fixtures,subcategory:baths,plumbing-fixtures-fittings,Plumbing Fixtures & Fittings,product:plumbing-fixtures:baths:raymor-upswept,,review import candidate before creation,Physical product/material candidate.
quote-1725,1725,product,RAYMOR RODIN,EACH,category:plumbing-fixtures,subcategory:baths,plumbing-fixtures-fittings,Plumbing Fixtures & Fittings,product:plumbing-fixtures:baths:raymor-rodin,,review import candidate before creation,Physical product/material candidate.
quote-1726,1726,product,TESSA,EACH,category:plumbing-fixtures,subcategory:baths,plumbing-fixtures-fittings,Plumbing Fixtures & Fittings,product:plumbing-fixtures:baths:tessa,,review import candidate before creation,Physical product/material candidate.
quote-1727,1727,product,BROADWAY,EACH,category:plumbing-fixtures,subcategory:baths,plumbing-fixtures-fittings,Plumbing Fixtures & Fittings,product:plumbing-fixtures:baths:broadway,,review import candidate before creation,Physical product/material candidate.
quote-1728,1728,product,ACADEMY 175mm,EACH,category:plumbing-fixtures,subcategory:baths,plumbing-fixtures-fittings,Plumbing Fixtures & Fittings,product:plumbing-fixtures:baths:academy-175mm,,review import candidate before creation,Physical product/material candidate.
quote-1729,1729,product,ACADEMY 115mm,EACH,category:plumbing-fixtures,subcategory:baths,plumbing-fixtures-fittings,Plumbing Fixtures & Fittings,product:plumbing-fixtures:baths:academy-115mm,,review import candidate before creation,Physical product/material candidate.
quote-1730,1730,product,RODIN HOB MOUNT,EACH,category:plumbing-fixtures,subcategory:baths,plumbing-fixtures-fittings,Plumbing Fixtures & Fittings,product:plumbing-fixtures:baths:rodin-hob-mount,,review import candidate before creation,Physical product/material candidate.
quote-1731,1731,product,BOSTON ACADEMY,EACH,category:plumbing-fixtures,subcategory:baths,plumbing-fixtures-fittings,Plumbing Fixtures & Fittings,product:plumbing-fixtures:baths:boston-academy,,review import candidate before creation,Physical product/material candidate.
quote-1734,1734,product,RAYMOR TAPAC SINGLE FUNCTION,EACH,category:plumbing-fixtures,subcategory:tapware,plumbing-fixtures-fittings,Plumbing Fixtures & Fittings,product:plumbing-fixtures:tapware:raymor-tapac-single-function,,review import candidate before creation,Physical product/material candidate.
quote-1735,1735,product,KOHLER ELEVATION,EACH,category:plumbing-fixtures,subcategory:showers,plumbing-fixtures-fittings,Plumbing Fixtures & Fittings,product:plumbing-fixtures:showers:kohler-elevation,,review import candidate before creation,Physical product/material candidate.
quote-1736,1736,product,RAYMOR BOSTON,EACH,category:plumbing-fixtures,subcategory:showers,plumbing-fixtures-fittings,Plumbing Fixtures & Fittings,product:plumbing-fixtures:showers:raymor-boston,,review import candidate before creation,Physical product/material candidate.
quote-1737,1737,product,KOHLER FLIPSIDE 4,EACH,category:plumbing-fixtures,subcategory:showers,plumbing-fixtures-fittings,Plumbing Fixtures & Fittings,product:plumbing-fixtures:showers:kohler-flipside-4,,review import candidate before creation,Physical product/material candidate.
quote-1738,1738,product,RAYMOR AMADA 3 FUNCTION,EACH,category:plumbing-fixtures,subcategory:showers,plumbing-fixtures-fittings,Plumbing Fixtures & Fittings,product:plumbing-fixtures:showers:raymor-amada-3-function,,review import candidate before creation,Physical product/material candidate.
quote-1739,1739,product,BONDI RAIL,EACH,category:plumbing-fixtures,subcategory:showers,plumbing-fixtures-fittings,Plumbing Fixtures & Fittings,product:plumbing-fixtures:showers:bondi-rail,,review import candidate before creation,Physical product/material candidate.
quote-1740,1740,product,KOHLER SLIDE RAIL WITH FLIPSIDE 4 HEAD,EACH,category:plumbing-fixtures,subcategory:showers,plumbing-fixtures-fittings,Plumbing Fixtures & Fittings,product:plumbing-fixtures:showers:kohler-slide-rail-with-flipside-4-head,,review import candidate before creation,Physical product/material candidate.
quote-1741,1741,product,TWIN WATERS RAIL WITH COSMIC & BONDI HEADS,EACH,category:plumbing-fixtures,subcategory:showers,plumbing-fixtures-fittings,Plumbing Fixtures & Fittings,product:plumbing-fixtures:showers:twin-waters-rail-with-cosmic-and-bondi-heads,,review import candidate before creation,Physical product/material candidate.
quote-1742,1742,product,KOHLER SQUARE 20mm RAIN KATALYST ON RAIL,EACH,category:plumbing-fixtures,subcategory:showers,plumbing-fixtures-fittings,Plumbing Fixtures & Fittings,product:plumbing-fixtures:showers:kohler-square-20mm-rain-katalyst-on-rail,,review import candidate before creation,Physical product/material candidate.
quote-1743,1743,product,KOHLER ROUND 20mm RAIN KATALYST ON RAIL,EACH,category:plumbing-fixtures,subcategory:showers,plumbing-fixtures-fittings,Plumbing Fixtures & Fittings,product:plumbing-fixtures:showers:kohler-round-20mm-rain-katalyst-on-rail,,review import candidate before creation,Physical product/material candidate.
quote-1744,1744,product,KOHLER CEILING MOUNT ARM,EACH,category:plumbing-fixtures,subcategory:showers,plumbing-fixtures-fittings,Plumbing Fixtures & Fittings,product:plumbing-fixtures:showers:kohler-ceiling-mount-arm,,review import candidate before creation,Physical product/material candidate.
quote-1745,1745,product,KATALYST RAIN HEAD 250mm SQUARE,EACH,category:plumbing-fixtures,subcategory:showers,plumbing-fixtures-fittings,Plumbing Fixtures & Fittings,product:plumbing-fixtures:showers:katalyst-rain-head-250mm-square,,review import candidate before creation,Physical product/material candidate.
quote-1746,1746,product,KATALYST RAIN HEAD 250mm ROUND,EACH,category:plumbing-fixtures,subcategory:showers,plumbing-fixtures-fittings,Plumbing Fixtures & Fittings,product:plumbing-fixtures:showers:katalyst-rain-head-250mm-round,,review import candidate before creation,Physical product/material candidate.
quote-1749,1749,product,PRIMA LINK SUITE,EACH,category:plumbing-fixtures,subcategory:toilets,plumbing-fixtures-fittings,Plumbing Fixtures & Fittings,product:plumbing-fixtures:toilets:prima-link-suite,,review import candidate before creation,Physical product/material candidate.
quote-1750,1750,product,ANDORRA II (SHORTEN) CLOSE COUPLE,EACH,category:plumbing-fixtures,subcategory:toilets,plumbing-fixtures-fittings,Plumbing Fixtures & Fittings,product:plumbing-fixtures:toilets:andorra-ii-shorten-close-couple,,review import candidate before creation,Physical product/material candidate.
quote-1751,1751,product,ARTEGO C/C,EACH,category:plumbing-fixtures,subcategory:toilets,plumbing-fixtures-fittings,Plumbing Fixtures & Fittings,product:plumbing-fixtures:toilets:artego-c-c,,review import candidate before creation,Physical product/material candidate.
quote-1753,1753,product,BANKSIA W/FACE C/C,EACH,category:plumbing-fixtures,subcategory:toilets,plumbing-fixtures-fittings,Plumbing Fixtures & Fittings,product:plumbing-fixtures:toilets:banksia-w-face-c-c,,review import candidate before creation,Physical product/material candidate.
quote-1754,1754,product,CAROME ARTEGO WALL FACED,EACH,category:plumbing-fixtures,subcategory:toilets,plumbing-fixtures-fittings,Plumbing Fixtures & Fittings,product:plumbing-fixtures:toilets:carome-artego-wall-faced,,review import candidate before creation,Physical product/material candidate.
quote-1755,1755,product,KOHLER PARLIAMENT,EACH,category:plumbing-fixtures,subcategory:toilets,plumbing-fixtures-fittings,Plumbing Fixtures & Fittings,product:plumbing-fixtures:toilets:kohler-parliament,,review import candidate before creation,Physical product/material candidate.
quote-1759,1759,product,RAYMOR RECLINE 1510mm,EACH,category:plumbing-fixtures,subcategory:baths,plumbing-fixtures-fittings,Plumbing Fixtures & Fittings,product:plumbing-fixtures:baths:raymor-recline-1510mm,,review import candidate before creation,Physical product/material candidate.
quote-1760,1760,product,RAYMOR RECLINE 1650mm,EACH,category:plumbing-fixtures,subcategory:baths,plumbing-fixtures-fittings,Plumbing Fixtures & Fittings,product:plumbing-fixtures:baths:raymor-recline-1650mm,,review import candidate before creation,Physical product/material candidate.
quote-1763,1763,product,JAMAICA RECTANGLE 1510mm,EACH,category:plumbing-fixtures,subcategory:baths,plumbing-fixtures-fittings,Plumbing Fixtures & Fittings,product:plumbing-fixtures:baths:jamaica-rectangle-1510mm,,review import candidate before creation,Physical product/material candidate.
quote-1764,1764,product,JAMAICA RECTANGLE 1645mm,EACH,category:plumbing-fixtures,subcategory:baths,plumbing-fixtures-fittings,Plumbing Fixtures & Fittings,product:plumbing-fixtures:baths:jamaica-rectangle-1645mm,,review import candidate before creation,Physical product/material candidate.
quote-1767,1767,product,JAMIACA 1790mm ISLAND,EACH,category:plumbing-fixtures,subcategory:baths,plumbing-fixtures-fittings,Plumbing Fixtures & Fittings,product:plumbing-fixtures:baths:jamiaca-1790mm-island,,review import candidate before creation,Physical product/material candidate.
quote-1773,1773,product,ADESSO BIANCO OVAL 1750mm,EACH,category:plumbing-fixtures,subcategory:baths,plumbing-fixtures-fittings,Plumbing Fixtures & Fittings,product:plumbing-fixtures:baths:adesso-bianco-oval-1750mm,,review import candidate before creation,Physical product/material candidate.
quote-1774,1774,product,ADESSO BIANCO SQUARE 1750mm,EACH,category:plumbing-fixtures,subcategory:baths,plumbing-fixtures-fittings,Plumbing Fixtures & Fittings,product:plumbing-fixtures:baths:adesso-bianco-square-1750mm,,review import candidate before creation,Physical product/material candidate.
quote-1777,1777,product,ARUBA CNR SANTAI HEAT PUMP 6 JET,EACH,category:plumbing-fixtures,subcategory:baths,plumbing-fixtures-fittings,Plumbing Fixtures & Fittings,product:plumbing-fixtures:baths:aruba-cnr-santai-heat-pump-6-jet,,review import candidate before creation,Physical product/material candidate.
quote-1778,1778,product,ARUBA CNR SANTAI HEAT PUMP 12 JET,EACH,category:plumbing-fixtures,subcategory:baths,plumbing-fixtures-fittings,Plumbing Fixtures & Fittings,product:plumbing-fixtures:baths:aruba-cnr-santai-heat-pump-12-jet,,review import candidate before creation,Physical product/material candidate.
quote-1780,1780,product,ARUBA RECT SANTAI HEAT PUMP 6 JET 1520mm,EACH,category:plumbing-fixtures,subcategory:baths,plumbing-fixtures-fittings,Plumbing Fixtures & Fittings,product:plumbing-fixtures:baths:aruba-rect-santai-heat-pump-6-jet-1520mm,,review import candidate before creation,Physical product/material candidate.
quote-1781,1781,product,ARUBA RECT SANTAI HEAT PUMP 6 JET 1665mm,EACH,category:plumbing-fixtures,subcategory:baths,plumbing-fixtures-fittings,Plumbing Fixtures & Fittings,product:plumbing-fixtures:baths:aruba-rect-santai-heat-pump-6-jet-1665mm,,review import candidate before creation,Physical product/material candidate.
quote-1782,1782,product,ARUBA RECT SANTAI HEAT PUMP 12 JET 1665mm,EACH,category:plumbing-fixtures,subcategory:baths,plumbing-fixtures-fittings,Plumbing Fixtures & Fittings,product:plumbing-fixtures:baths:aruba-rect-santai-heat-pump-12-jet-1665mm,,review import candidate before creation,Physical product/material candidate.
quote-1783,1783,product,ARUBA RECT SANTAI HEAT PUMP 12 JET 1790mm,EACH,category:plumbing-fixtures,subcategory:baths,plumbing-fixtures-fittings,Plumbing Fixtures & Fittings,product:plumbing-fixtures:baths:aruba-rect-santai-heat-pump-12-jet-1790mm,,review import candidate before creation,Physical product/material candidate.
quote-1784,1784,product,JAMAICA RECT SANTAI HEAT PUMP 7 JET 1510mm,EACH,category:plumbing-fixtures,subcategory:baths,plumbing-fixtures-fittings,Plumbing Fixtures & Fittings,product:plumbing-fixtures:baths:jamaica-rect-santai-heat-pump-7-jet-1510mm,,review import candidate before creation,Physical product/material candidate.
quote-1785,1785,product,JAMAICA RECT SANTAI HEAT PUMP 9 JET 1645mm,EACH,category:plumbing-fixtures,subcategory:baths,plumbing-fixtures-fittings,Plumbing Fixtures & Fittings,product:plumbing-fixtures:baths:jamaica-rect-santai-heat-pump-9-jet-1645mm,,review import candidate before creation,Physical product/material candidate.
quote-1786,1786,product,JAMAICA RECT SANTAI HEAT PUMP 12 JET 1790mm,EACH,category:plumbing-fixtures,subcategory:baths,plumbing-fixtures-fittings,Plumbing Fixtures & Fittings,product:plumbing-fixtures:baths:jamaica-rect-santai-heat-pump-12-jet-1790mm,,review import candidate before creation,Physical product/material candidate.
quote-1788,1788,product,JAMIACE OVAL SANTAI HEAT PUMP 14 JET 1800mm,EACH,category:plumbing-fixtures,subcategory:baths,plumbing-fixtures-fittings,Plumbing Fixtures & Fittings,product:plumbing-fixtures:baths:jamiace-oval-santai-heat-pump-14-jet-1800mm,,review import candidate before creation,Physical product/material candidate.
quote-1803,1803,product,RAYMOR CLERMONT,EACH,category:plumbing-fixtures,subcategory:tapware,plumbing-fixtures-fittings,Plumbing Fixtures & Fittings,product:plumbing-fixtures:tapware:raymor-clermont,,review import candidate before creation,Physical product/material candidate.
quote-1804,1804,product,RAYMOR VICTORIA SPRAY,EACH,category:plumbing-fixtures,subcategory:tapware,plumbing-fixtures-fittings,Plumbing Fixtures & Fittings,product:plumbing-fixtures:tapware:raymor-victoria-spray,,review import candidate before creation,Physical product/material candidate.
quote-1805,1805,product,RAYMOR ACADEMY PILLAR,EACH,category:plumbing-fixtures,subcategory:tapware,plumbing-fixtures-fittings,Plumbing Fixtures & Fittings,product:plumbing-fixtures:tapware:raymor-academy-pillar,,review import candidate before creation,Physical product/material candidate.
quote-1806,1806,product,RAYMOR TORINO GOOSENECK,EACH,category:plumbing-fixtures,subcategory:tapware,plumbing-fixtures-fittings,Plumbing Fixtures & Fittings,product:plumbing-fixtures:tapware:raymor-torino-gooseneck,,review import candidate before creation,Physical product/material candidate.
quote-1807,1807,product,KOHLER SINGULAR,EACH,category:plumbing-fixtures,subcategory:tapware,plumbing-fixtures-fittings,Plumbing Fixtures & Fittings,product:plumbing-fixtures:tapware:kohler-singular,,review import candidate before creation,Physical product/material candidate.
quote-1808,1808,product,RAYMOR TORINO MULTI FUNCTION MIXER,EACH,category:plumbing-fixtures,subcategory:tapware,plumbing-fixtures-fittings,Plumbing Fixtures & Fittings,product:plumbing-fixtures:tapware:raymor-torino-multi-function-mixer,,review import candidate before creation,Physical product/material candidate.
quote-1809,1809,product,SINK MIXER ARTESIAN - TRADELINK,EACH,category:plumbing-fixtures,subcategory:tapware,plumbing-fixtures-fittings,Plumbing Fixtures & Fittings,product:plumbing-fixtures:tapware:sink-mixer-artesian-tradelink,,review import candidate before creation,Physical product/material candidate.
quote-1810,1810,product,KOHLER JULY MIXER,EACH,category:plumbing-fixtures,subcategory:tapware,plumbing-fixtures-fittings,Plumbing Fixtures & Fittings,product:plumbing-fixtures:tapware:kohler-july-mixer,,review import candidate before creation,Physical product/material candidate.
quote-1811,1811,product,KOHLER VITEO/PIN,EACH,category:plumbing-fixtures,subcategory:tapware,plumbing-fixtures-fittings,Plumbing Fixtures & Fittings,product:plumbing-fixtures:tapware:kohler-viteo-pin,,review import candidate before creation,Physical product/material candidate.
quote-1812,1812,product,OLIVERI SINGLE LEVER MIXER,EACH,category:plumbing-fixtures,subcategory:tapware,plumbing-fixtures-fittings,Plumbing Fixtures & Fittings,product:plumbing-fixtures:tapware:oliveri-single-lever-mixer,,review import candidate before creation,Physical product/material candidate.
quote-1813,1813,product,OLIVERI SINGLE LEVER GOOSENECK,EACH,category:plumbing-fixtures,subcategory:tapware,plumbing-fixtures-fittings,Plumbing Fixtures & Fittings,product:plumbing-fixtures:tapware:oliveri-single-lever-gooseneck,,review import candidate before creation,Physical product/material candidate.
quote-1816,1816,product,W/M STOP COCKS NON RETURN VALVE,EACH,category:plumbing-fixtures,subcategory:tapware,plumbing-fixtures-fittings,Plumbing Fixtures & Fittings,product:plumbing-fixtures:tapware:w-m-stop-cocks-non-return-valve,,review import candidate before creation,Physical product/material candidate.
quote-1817,1817,product,RAYMOR LAUNDRY SET WALL MOUNT,EACH,category:plumbing-fixtures,subcategory:tapware,plumbing-fixtures-fittings,Plumbing Fixtures & Fittings,product:plumbing-fixtures:tapware:raymor-laundry-set-wall-mount,,review import candidate before creation,Physical product/material candidate.
quote-1818,1818,product,RAMOR WALL MOUNT COCKS,PAIR,category:plumbing-fixtures,subcategory:tapware,plumbing-fixtures-fittings,Plumbing Fixtures & Fittings,product:plumbing-fixtures:tapware:ramor-wall-mount-cocks,,review import candidate before creation,Physical product/material candidate.
quote-1822,1822,product,ROBE HOOK,EACH,category:windows-doors,subcategory:robe-hook,windows-external-doors,Windows & External Doors,product:windows-doors:robe-hook:robe-hook,,review import candidate before creation,Physical product/material candidate.
quote-1825,1825,product,TOILET ROLL HOLDER,EACH,category:plumbing-fixtures,subcategory:toilets,plumbing-fixtures-fittings,Plumbing Fixtures & Fittings,product:plumbing-fixtures:toilets:toilet-roll-holder,,review import candidate before creation,Physical product/material candidate.
quote-1834,1834,product,TOILET ROLL HOLDER,EACH,category:plumbing-fixtures,subcategory:toilets,plumbing-fixtures-fittings,Plumbing Fixtures & Fittings,product:plumbing-fixtures:toilets:toilet-roll-holder,,review import candidate before creation,Physical product/material candidate.
quote-1835,1835,product,ROBE HOOK,EACH,category:windows-doors,subcategory:robe-hook,windows-external-doors,Windows & External Doors,product:windows-doors:robe-hook:robe-hook,,review import candidate before creation,Physical product/material candidate.
quote-1842,1842,product,TOILET ROLL HOLDER COVERED,EACH,category:plumbing-fixtures,subcategory:toilets,plumbing-fixtures-fittings,Plumbing Fixtures & Fittings,product:plumbing-fixtures:toilets:toilet-roll-holder-covered,,review import candidate before creation,Physical product/material candidate.
quote-1843,1843,product,TOILET ROLL HOLDER VERTICAL,EACH,category:plumbing-fixtures,subcategory:toilets,plumbing-fixtures-fittings,Plumbing Fixtures & Fittings,product:plumbing-fixtures:toilets:toilet-roll-holder-vertical,,review import candidate before creation,Physical product/material candidate.
quote-1844,1844,product,ROBE HOOK,EACH,category:windows-doors,subcategory:robe-hook,windows-external-doors,Windows & External Doors,product:windows-doors:robe-hook:robe-hook,,review import candidate before creation,Physical product/material candidate.
quote-1852,1852,product,SINGLE UNDERSINK WATER FILTER SYSTEM,EACH,category:plumbing-fixtures,subcategory:tapware,plumbing-fixtures-fittings,Plumbing Fixtures & Fittings,product:plumbing-fixtures:tapware:single-undersink-water-filter-system,,review import candidate before creation,Physical product/material candidate.
quote-1853,1853,product,ZIP HYDROTAP TAP BOILING AND CHILLED WATER,EACH,category:plumbing-fixtures,subcategory:tapware,plumbing-fixtures-fittings,Plumbing Fixtures & Fittings,product:plumbing-fixtures:tapware:zip-hydrotap-tap-boiling-and-chilled-water,,review import candidate before creation,Physical product/material candidate.
quote-1856,1856,product,ISE MODEL 45 .45 HP,EACH,category:plumbing-fixtures,subcategory:ise-model-45-45-hp,plumbing-fixtures-fittings,Plumbing Fixtures & Fittings,product:plumbing-fixtures:ise-model-45-45-hp:ise-model-45-45-hp,,review import candidate before creation,Physical product/material candidate.
quote-1857,1857,product,ISE MODEL 55 .55 HP AUTO REVERSE,EACH,category:plumbing-fixtures,subcategory:ise-model-55-55-hp-auto-reverse,plumbing-fixtures-fittings,Plumbing Fixtures & Fittings,product:plumbing-fixtures:ise-model-55-55-hp-auto-reverse:ise-model-55-55-hp-auto-reverse,,review import candidate before creation,Physical product/material candidate.
quote-1901,1901,product,AIRFUSION 3 BLD FAN (NO LIGHT),EACH,category:electrical,subcategory:light-fittings,electrical-fixtures-fittings,Electrical Fixtures & Fittings,product:electrical:light-fittings:airfusion-3-bld-fan-no-light,,review import candidate before creation,Physical product/material candidate.
quote-1902,1902,product,AIRFUSION 3 BLD FAN (WITH LIGHT),EACH,category:electrical,subcategory:light-fittings,electrical-fixtures-fittings,Electrical Fixtures & Fittings,product:electrical:light-fittings:airfusion-3-bld-fan-with-light,,review import candidate before creation,Physical product/material candidate.
quote-1903,1903,product,4 BLADE WOODEN BLADE FANS,EACH,category:electrical,subcategory:4-blade-wooden-blade-fans,electrical-fixtures-fittings,Electrical Fixtures & Fittings,product:electrical:4-blade-wooden-blade-fans:4-blade-wooden-blade-fans,,review import candidate before creation,Physical product/material candidate.
quote-1904,1904,product,5 BLADE WOODEN BLADE FANS WITH LIGHT,EACH,category:electrical,subcategory:light-fittings,electrical-fixtures-fittings,Electrical Fixtures & Fittings,product:electrical:light-fittings:5-blade-wooden-blade-fans-with-light,,review import candidate before creation,Physical product/material candidate.
quote-1994,1994,product,BLOCK FENCE PEIRS,EACH,category:external-cladding,subcategory:block-fence-peirs,wall-ceiling-finishes,Wall & Ceiling Finishes,product:external-cladding:block-fence-peirs:block-fence-peirs,,review import candidate before creation,Physical product/material candidate.
