Description,Qty,Unit, Price ,Cost,Size,Actions
0606 Sliding Window,,EACH,$430.00, $-   ,600H x 600W,
0609 Sliding Window,,EACH,$430.00, $-   ,600H x 900W,
0612 Sliding Window,,EACH,$430.00, $-   ,600H x 1200W,
0615 Sliding Window,,EACH,$487.65, $-   ,600H x 1500W,
0618 Sliding Window,,EACH,$561.18, $-   ,600H x 1800W,
0621 Sliding Window,,EACH,$634.71, $-   ,600H x 2100W,
0624 Sliding Window,,EACH,$708.24, $-   ,600H x 2400W,
0627 Sliding Window,,EACH,$781.77, $-   ,600H x 2700W,
0906 Sliding Window,,EACH,$430.00, $-   ,900H x 600W,
0909 Sliding Window,,EACH,$450.88, $-   ,900H x 900W,
0912 Sliding Window,,EACH,$561.18, $-   ,900H x 1200W,
0915 Sliding Window,,EACH,$671.48, $-   ,900H x 1500W,
0918 Sliding Window,,EACH,$781.77, $-   ,900H x 1800W,
0921 Sliding Window,,EACH,$892.06, $-   ,900H x 2100W,
0924 Sliding Window,,EACH,"$1,002.36", $-   ,900H x 2400W,
0927 Sliding Window,,EACH,"$1,112.66", $-   ,900H x 2700W,
1206 Sliding Window,,EACH,$430.00, $-   ,1200H x 600W,
1209 Sliding Window,,EACH,$561.18, $-   ,1200H x 900W,
1212 Sliding Window,,EACH,$708.24, $-   ,1200H x 1200W,
1215 Sliding Window,,EACH,$855.30, $-   ,1200H x 1500W,
1218 Sliding Window,,EACH,"$1,002.36", $-   ,1200H x 1800W,
1221 Sliding Window,,EACH,"$1,149.42", $-   ,1200H x 2100W,
1224 Sliding Window,,EACH,"$1,296.48", $-   ,1200H x 2400W,
1227 Sliding Window,,EACH,"$1,443.54", $-   ,1200H x 2700W,
1506 Sliding Window,,EACH,$487.65, $-   ,1500H x 600W,
1509 Sliding Window,,EACH,$671.48, $-   ,1500H x 900W,
1512 Sliding Window,,EACH,$855.30, $-   ,1500H x 1200W,
1515 Sliding Window,,EACH,"$1,039.12", $-   ,1500H x 1500W,
1518 Sliding Window,,EACH,"$1,222.95", $-   ,1500H x 1800W,
1521 Sliding Window,,EACH,"$1,406.77", $-   ,1500H x 2100W,
1524 Sliding Window,,EACH,"$1,590.60", $-   ,1500H x 2400W,
1527 Sliding Window,,EACH,"$1,774.42", $-   ,1500H x 2700W,
1806 Sliding Window,,EACH,$561.18, $-   ,1800H x 600W,
1809 Sliding Window,,EACH,$781.77, $-   ,1800H x 900W,
1812 Sliding Window,,EACH,"$1,002.36", $-   ,1800H x 1200W,
1815 Sliding Window,,EACH,"$1,222.95", $-   ,1800H x 1500W,
1818 Sliding Window,,EACH,"$1,443.54", $-   ,1800H x 1800W,
1821 Sliding Window,,EACH,"$1,664.13", $-   ,1800H x 2100W,
1824 Sliding Window,,EACH,"$1,884.72", $-   ,1800H x 2400W,
1827 Sliding Window,,EACH,"$2,105.31", $-   ,1800H x 2700W,
2106 Sliding Window,,EACH,$634.71, $-   ,2100H x 600W,
2109 Sliding Window,,EACH,$892.06, $-   ,2100H x 900W,
2112 Sliding Window,,EACH,"$1,149.42", $-   ,2100H x 1200W,
2115 Sliding Window,,EACH,"$1,406.77", $-   ,2100H x 1500W,
2118 Sliding Window,,EACH,"$1,664.13", $-   ,2100H x 1800W,
2121 Sliding Window,,EACH,"$1,921.48", $-   ,2100H x 2100W,
2124 Sliding Window,,EACH,"$2,178.84", $-   ,2100H x 2400W,
2127 Sliding Window,,EACH,"$2,436.19", $-   ,2100H x 2700W,
0606 Double Hung,,EACH,$520.00, $-   ,600H x 600W,
0609 Double Hung,,EACH,$520.00, $-   ,600H x 900W,
0612 Double Hung,,EACH,$520.00, $-   ,600H x 1200W,
0614 Double Hung,,EACH,$534.96, $-   ,600H x 1400W,
0615 Double Hung,,EACH,$564.60, $-   ,600H x 1500W,
0618 Double Hung,,EACH,$653.52, $-   ,600H x 1800W,
0621 Double Hung,,EACH,$742.44, $-   ,600H x 2100W,
0624 Double Hung,,EACH,$831.36, $-   ,600H x 2400W,
0627 Double Hung,,EACH,$920.28, $-   ,600H x 2700W,
0906 Double Hung,,EACH,$520.00, $-   ,900H x 600W,
0909 Double Hung,,EACH,$520.14, $-   ,900H x 900W,
0912 Double Hung,,EACH,$653.52, $-   ,900H x 1200W,
0915 Double Hung,,EACH,$786.90, $-   ,900H x 1500W,
0918 Double Hung,,EACH,$920.28, $-   ,900H x 1800W,
0921 Double Hung,,EACH,"$1,053.66", $-   ,900H x 2100W,
0924 Double Hung,,EACH,"$1,187.04", $-   ,900H x 2400W,
0927 Double Hung,,EACH,"$1,320.42", $-   ,900H x 2700W,
1206 Double Hung,,EACH,$520.00, $-   ,1200H x 600W,
1209 Double Hung,,EACH,$653.52, $-   ,1200H x 900W,
1212 Double Hung,,EACH,$831.36, $-   ,1200H x 1200W,
1215 Double Hung,,EACH,"$1,009.20", $-   ,1200H x 1500W,
1218 Double Hung,,EACH,"$1,187.04", $-   ,1200H x 1800W,
1221 Double Hung,,EACH,"$1,364.88", $-   ,1200H x 2100W,
1224 Double Hung,,EACH,"$1,542.72", $-   ,1200H x 2400W,
1227 Double Hung,,EACH,"$1,720.56", $-   ,1200H x 2700W,
1506 Double Hung,,EACH,$564.60, $-   ,1500H x 600W,
1509 Double Hung,,EACH,$786.90, $-   ,1500H x 900W,
1512 Double Hung,,EACH,"$1,009.20", $-   ,1500H x 1200W,
1514 Double Hung,,EACH,"$1,157.40", $-   ,1500H x 1400W,
1515 Double Hung,,EACH,"$1,231.50", $-   ,1500H x 1500W,
1516 Double Hung,,EACH,"$1,305.60", $-   ,1500H x 1600W,
1518 Double Hung,,EACH,"$1,453.80", $-   ,1500H x 1800W,
1521 Double Hung,,EACH,"$1,676.10", $-   ,1500H x 2100W,
1522 Double Hung,,EACH,"$1,750.20", $-   ,1500H x 2200W,
1524 Double Hung,,EACH,"$1,898.40", $-   ,1500H x 2400W,
1527 Double Hung,,EACH,"$2,120.70", $-   ,1500H x 2700W,
1806 Double Hung,,EACH,$653.52, $-   ,1800H x 600W,
1809 Double Hung,,EACH,$920.28, $-   ,1800H x 900W,
1812 Double Hung,,EACH,"$1,187.04", $-   ,1800H x 1200W,
1815 Double Hung,,EACH,"$1,453.80", $-   ,1800H x 1500W,
1818 Double Hung,,EACH,"$1,720.56", $-   ,1800H x 1800W,
1821 Double Hung,,EACH,"$1,987.32", $-   ,1800H x 2100W,
1822 Double Hung,,EACH,"$2,076.24", $-   ,1800H x 2200W,
1824 Double Hung,,EACH,"$2,254.08", $-   ,1800H x 2400W,
1827 Double Hung,,EACH,"$2,520.84", $-   ,1800H x 2700W,
2106 Double Hung,,EACH,$742.44, $-   ,2100H x 600W,
2109 Double Hung,,EACH,"$1,053.66", $-   ,2100H x 900W,
2112 Double Hung,,EACH,"$1,364.88", $-   ,2100H x 1200W,
2115 Double Hung,,EACH,"$1,676.10", $-   ,2100H x 1500W,
2116 Double Hung,,EACH,"$1,779.84", $-   ,2100H x 1600W,
2118 Double Hung,,EACH,"$1,987.32", $-   ,2100H x 1800W,
2121 Double Hung,,EACH,"$2,298.54", $-   ,2100H x 2100W,
2124 Double Hung,,EACH,"$2,609.76", $-   ,2100H x 2400W,
2127 Double Hung,,EACH,"$2,920.98", $-   ,2100H x 2700W,
0606 Awning,,EACH,$500.00, $-   ,600H x 600W,
0609 Awning,,EACH,$500.00, $-   ,600H x 900W,
0612 Awning,,EACH,$500.00, $-   ,600H x 1200W,
0615 Awning,,EACH,$547.50, $-   ,600H x 1500W,
0618 Awning,,EACH,$633.00, $-   ,600H x 1800W,
0621 Awning,,EACH,$718.50, $-   ,600H x 2100W,
0624 Awning,,EACH,$804.00, $-   ,600H x 2400W,
0627 Awning,,EACH,$889.50, $-   ,600H x 2700W,
0906 Awning,,EACH,$500.00, $-   ,900H x 600W,
0909 Awning,,EACH,$504.75, $-   ,900H x 900W,
0912 Awning,,EACH,$633.00, $-   ,900H x 1200W,
0915 Awning,,EACH,$761.25, $-   ,900H x 1500W,
0918 Awning,,EACH,$889.50, $-   ,900H x 1800W,
0921 Awning,,EACH,"$1,017.75", $-   ,900H x 2100W,
0924 Awning,,EACH,"$1,146.00", $-   ,900H x 2400W,
0927 Awning,,EACH,"$1,274.25", $-   ,900H x 2700W,
1206 Awning,,EACH,$500.00, $-   ,1200H x 600W,
1209 Awning,,EACH,$633.00, $-   ,1200H x 900W,
1212 Awning,,EACH,$804.00, $-   ,1200H x 1200W,
1215 Awning,,EACH,$975.00, $-   ,1200H x 1500W,
1218 Awning,,EACH,"$1,146.00", $-   ,1200H x 1800W,
1221 Awning,,EACH,"$1,317.00", $-   ,1200H x 2100W,
1224 Awning,,EACH,"$1,488.00", $-   ,1200H x 2400W,
1227 Awning,,EACH,"$1,659.00", $-   ,1200H x 2700W,
1506 Awning,,EACH,$519.00, $-   ,1500H x 600W,
1509 Awning,,EACH,$718.50, $-   ,1500H x 900W,
1512 Awning,,EACH,$918.00, $-   ,1500H x 1200W,
1515 Awning,,EACH,"$1,117.50", $-   ,1500H x 1500W,
1518 Awning,,EACH,"$1,317.00", $-   ,1500H x 1800W,
1521 Awning,,EACH,"$1,516.50", $-   ,1500H x 2100W,
1524 Awning,,EACH,"$1,716.00", $-   ,1500H x 2400W,
1527 Awning,,EACH,"$1,915.50", $-   ,1500H x 2700W,
1806 Awning,,EACH,$633.00, $-   ,1800H x 600W,
1809 Awning,,EACH,$889.50, $-   ,1800H x 900W,
1812 Awning,,EACH,"$1,146.00", $-   ,1800H x 1200W,
1815 Awning,,EACH,"$1,402.50", $-   ,1800H x 1500W,
1818 Awning,,EACH,"$1,659.00", $-   ,1800H x 1800W,
1821 Awning,,EACH,"$1,915.50", $-   ,1800H x 2100W,
1824 Awning,,EACH,"$2,172.00", $-   ,1800H x 2400W,
1827 Awning,,EACH,"$2,428.50", $-   ,1800H x 2700W,
2106 Awning,,EACH,$718.50, $-   ,2100H x 600W,
2109 Awning,,EACH,"$1,017.75", $-   ,2100H x 900W,
2112 Awning,,EACH,"$1,317.00", $-   ,2100H x 1200W,
2115 Awning,,EACH,"$1,616.25", $-   ,2100H x 1500W,
2118 Awning,,EACH,"$1,915.50", $-   ,2100H x 1800W,
2121 Awning,,EACH,"$2,214.75", $-   ,2100H x 2100W,
2124 Awning,,EACH,"$2,514.00", $-   ,2100H x 2400W,
2127 Awning,,EACH,"$2,813.25", $-   ,2100H x 2700W,
0603 Louvre,,EACH,$700.00, $-   ,600H x 300W,
0606 Louvre,,EACH,$700.00, $-   ,600H x 600W,
0609 Louvre,,EACH,$700.00, $-   ,600H x 900W,
0903 Louvre,,EACH,$700.00, $-   ,900H x 300W,
0906 Louvre,,EACH,$700.00, $-   ,900H x 600W,
0909 Louvre,,EACH,$700.00, $-   ,900H x 900W,
1203 Louvre,,EACH,$700.00, $-   ,1200H x 300W,
1206 Louvre,,EACH,$700.00, $-   ,1200H x 600W,
1207 Louvre,,EACH,$718.50, $-   ,1200H x 750W,
1209 Louvre,,EACH,$838.20, $-   ,1200H x 900W,
1503 Louvre,,EACH,$700.00, $-   ,1500H x 300W,
1506 Louvre,,EACH,$718.50, $-   ,1500H x 600W,
1509 Louvre,,EACH,"$1,017.75", $-   ,1500H x 900W,
1803 Louvre,,EACH,$700.00, $-   ,1800H x 300W,
1806 Louvre,,EACH,$838.20, $-   ,1800H x 600W,
1807 Louvre,,EACH,"$1,017.75", $-   ,1800H x 750W,
2103 Louvre,,EACH,$700.00, $-   ,2100H x 300W,
2106 Louvre,,EACH,$957.90, $-   ,2100H x 600W,
2109 Louvre,,EACH,"$1,376.85", $-   ,2100H x 900W,
2403 Louvre,,EACH,$700.00, $-   ,2400H x 300W,
2406 Louvre,,EACH,"$1,077.60", $-   ,2400H x 600W,
2409 Louvre,,EACH,"$1,556.40", $-   ,2400H x 900W,
0303 Fixed Glass,,EACH,$300.00, $-   ,300H x 300W,
0306 Fixed Glass,,EACH,$300.00, $-   ,300H x 600W,
0309 Fixed Glass,,EACH,$300.00, $-   ,300H x 900W,
0312 Fixed Glass,,EACH,$300.00, $-   ,300H x 1200W,
0315 Fixed Glass,,EACH,$300.00, $-   ,300H x 1500W,
0318 Fixed Glass,,EACH,$300.00, $-   ,300H x 1800W,
0321 Fixed Glass,,EACH,$300.00, $-   ,300H x 2100W,
0324 Fixed Glass,,EACH,$325.20, $-   ,300H x 2400W,
0327 Fixed Glass,,EACH,$350.85, $-   ,300H x 2700W,
0603 Fixed Glass,,EACH,$300.00, $-   ,600H x 300W,
0606 Fixed Glass,,EACH,$300.00, $-   ,600H x 600W,
0609 Fixed Glass,,EACH,$300.00, $-   ,600H x 900W,
0612 Fixed Glass,,EACH,$325.20, $-   ,600H x 1200W,
0615 Fixed Glass,,EACH,$376.50, $-   ,600H x 1500W,
0618 Fixed Glass,,EACH,$427.80, $-   ,600H x 1800W,
0621 Fixed Glass,,EACH,$479.10, $-   ,600H x 2100W,
0624 Fixed Glass,,EACH,$530.40, $-   ,600H x 2400W,
0627 Fixed Glass,,EACH,$581.70, $-   ,600H x 2700W,
0903 Fixed Glass,,EACH,$300.00, $-   ,900H x 300W,
0906 Fixed Glass,,EACH,$300.00, $-   ,900H x 600W,
0909 Fixed Glass,,EACH,$350.85, $-   ,900H x 900W,
0912 Fixed Glass,,EACH,$427.80, $-   ,900H x 1200W,
0915 Fixed Glass,,EACH,$504.75, $-   ,900H x 1500W,
0918 Fixed Glass,,EACH,$581.70, $-   ,900H x 1800W,
0921 Fixed Glass,,EACH,$658.65, $-   ,900H x 2100W,
0924 Fixed Glass,,EACH,$735.60, $-   ,900H x 2400W,
0927 Fixed Glass,,EACH,$812.55, $-   ,900H x 2700W,
1203 Fixed Glass,,EACH,$300.00, $-   ,1200H x 300W,
1206 Fixed Glass,,EACH,$325.20, $-   ,1200H x 600W,
1209 Fixed Glass,,EACH,$427.80, $-   ,1200H x 900W,
1212 Fixed Glass,,EACH,$530.40, $-   ,1200H x 1200W,
1215 Fixed Glass,,EACH,$633.00, $-   ,1200H x 1500W,
1218 Fixed Glass,,EACH,$735.60, $-   ,1200H x 1800W,
1221 Fixed Glass,,EACH,$838.20, $-   ,1200H x 2100W,
1224 Fixed Glass,,EACH,$940.80, $-   ,1200H x 2400W,
1227 Fixed Glass,,EACH,"$1,043.40", $-   ,1200H x 2700W,
1503 Fixed Glass,,EACH,$300.00, $-   ,1500H x 300W,
1506 Fixed Glass,,EACH,$376.50, $-   ,1500H x 600W,
1509 Fixed Glass,,EACH,$504.75, $-   ,1500H x 900W,
1512 Fixed Glass,,EACH,$633.00, $-   ,1500H x 1200W,
1515 Fixed Glass,,EACH,$761.25, $-   ,1500H x 1500W,
1518 Fixed Glass,,EACH,$889.50, $-   ,1500H x 1800W,
1521 Fixed Glass,,EACH,"$1,017.75", $-   ,1500H x 2100W,
1524 Fixed Glass,,EACH,"$1,146.00", $-   ,1500H x 2400W,
1527 Fixed Glass,,EACH,"$1,274.25", $-   ,1500H x 2700W,
1803 Fixed Glass,,EACH,$300.00, $-   ,1800H x 300W,
1806 Fixed Glass,,EACH,$427.80, $-   ,1800H x 600W,
1809 Fixed Glass,,EACH,$581.70, $-   ,1800H x 900W,
1812 Fixed Glass,,EACH,$735.60, $-   ,1800H x 1200W,
1815 Fixed Glass,,EACH,$889.50, $-   ,1800H x 1500W,
1818 Fixed Glass,,EACH,"$1,043.40", $-   ,1800H x 1800W,
1821 Fixed Glass,,EACH,"$1,197.30", $-   ,1800H x 2100W,
1824 Fixed Glass,,EACH,"$1,351.20", $-   ,1800H x 2400W,
1827 Fixed Glass,,EACH,"$1,505.10", $-   ,1800H x 2700W,
2103 Fixed Glass,,EACH,$389.32, $-   ,2100H x 300W,
2106 Fixed Glass,,EACH,$479.10, $-   ,2100H x 600W,
2109 Fixed Glass,,EACH,$658.65, $-   ,2100H x 900W,
2112 Fixed Glass,,EACH,$838.20, $-   ,2100H x 1200W,
2115 Fixed Glass,,EACH,"$1,017.75", $-   ,2100H x 1500W,
2118 Fixed Glass,,EACH,"$1,197.30", $-   ,2100H x 1800W,
2121 Fixed Glass,,EACH,"$1,376.85", $-   ,2100H x 2100W,
2124 Fixed Glass,,EACH,"$1,556.40", $-   ,2100H x 2400W,
2127 Fixed Glass,,EACH,"$1,735.95", $-   ,2100H x 2700W,
0606 Casement,,EACH,$520.00, $-   ,600H x 600W,
0609 Casement,,EACH,$520.00, $-   ,600H x 900W,
0612 Casement,,EACH,$520.00, $-   ,600H x 1200W,
0615 Casement,,EACH,$564.60, $-   ,600H x 1500W,
0618 Casement,,EACH,$653.52, $-   ,600H x 1800W,
0906 Casement,,EACH,$520.00, $-   ,900H x 600W,
0909 Casement,,EACH,$520.14, $-   ,900H x 900W,
0912 Casement,,EACH,$653.52, $-   ,900H x 1200W,
0915 Casement,,EACH,$786.90, $-   ,900H x 1500W,
0918 Casement,,EACH,$920.28, $-   ,900H x 1800W,
1206 Casement,,EACH,$520.00, $-   ,1200H x 600W,
1209 Casement,,EACH,$653.52, $-   ,1200H x 900W,
1212 Casement,,EACH,$831.36, $-   ,1200H x 1200W,
1215 Casement,,EACH,"$1,009.20", $-   ,1200H x 1500W,
1218 Casement,,EACH,"$1,187.04", $-   ,1200H x 1800W,
1506 Casement,,EACH,$564.60, $-   ,1500H x 600W,
1509 Casement,,EACH,$786.90, $-   ,1500H x 900W,
1512 Casement,,EACH,"$1,009.20", $-   ,1500H x 1200W,
1515 Casement,,EACH,"$1,231.50", $-   ,1500H x 1500W,
1518 Casement,,EACH,"$1,453.80", $-   ,1500H x 1800W,
1806 Casement,,EACH,$653.52, $-   ,1800H x 600W,
1809 Casement,,EACH,$920.28, $-   ,1800H x 900W,
1812 Casement,,EACH,"$1,187.04", $-   ,1800H x 1200W,
1815 Casement,,EACH,"$1,453.80", $-   ,1800H x 1500W,
1818 Casement,,EACH,"$1,720.56", $-   ,1800H x 1800W,
2106 Casement,,EACH,$742.44, $-   ,2100H x 600W,
2109 Casement,,EACH,"$1,053.66", $-   ,2100H x 900W,
2112 Casement,,EACH,"$1,364.88", $-   ,2100H x 1200W,
2115 Casement,,EACH,"$1,676.10", $-   ,2100H x 1500W,
2118 Casement,,EACH,"$1,987.32", $-   ,2100H x 1800W,
2115 Glass Sliding Door - Single Opening Panel,,EACH,"$1,406.77", $-   ,2100H x 1500W,
2118 Glass Sliding Door - Single Opening Panel,,EACH,"$1,664.13", $-   ,2100H x 1800W,
2121 Glass Sliding Door - Single Opening Panel,,EACH,"$1,921.48", $-   ,2100H x 2100W,
2124 Glass Sliding Door - Single Opening Panel,,EACH,"$2,178.84", $-   ,2100H x 2400W,
2127 Glass Sliding Door - Single Opening Panel,,EACH,"$2,436.19", $-   ,2100H x 2700W,
2130 Glass Sliding Door - Single Opening Panel,,EACH,"$2,693.55", $-   ,2100H x 3000W,
2136 Glass Sliding Door - Single Opening Panel,,EACH,"$3,208.26", $-   ,2100H x 3600W,
2415 Glass Sliding Door - Single Opening Panel,,EACH,"$1,590.60", $-   ,2400H x 1500W,
2418 Glass Sliding Door - Single Opening Panel,,EACH,"$1,884.72", $-   ,2400H x 1800W,
2421 Glass Sliding Door - Single Opening Panel,,EACH,"$2,178.84", $-   ,2400H x 2100W,
2424 Glass Sliding Door - Single Opening Panel,,EACH,"$2,472.96", $-   ,2400H x 2400W,
2427 Glass Sliding Door - Single Opening Panel,,EACH,"$2,767.08", $-   ,2400H x 2700W,
2430 Glass Sliding Door - Single Opening Panel,,EACH,"$3,061.20", $-   ,2400H x 3000W,
2436 Glass Sliding Door - Single Opening Panel,,EACH,"$3,649.44", $-   ,2400H x 3600W,
2124 Glass Sliding Door - Stacker,,EACH,"$2,178.84", $-   ,2100H x 2400W,
2127 Glass Sliding Door - Stacker,,EACH,"$2,436.19", $-   ,2100H x 2700W,
2130 Glass Sliding Door - Stacker,,EACH,"$2,693.55", $-   ,2100H x 3000W,
2136 Glass Sliding Door - Stacker,,EACH,"$3,208.26", $-   ,2100H x 3600W,
2142 Glass Sliding Door - Stacker,,EACH,"$3,722.97", $-   ,2100H x 4200W,
2148 Glass Sliding Door - Stacker,,EACH,"$4,237.68", $-   ,2100H x 4800W,
2154 Glass Sliding Door - Stacker,,EACH,"$4,752.39", $-   ,2100H x 5400W,
2412 Glass Sliding Door - Stacker,,EACH,"$1,296.48", $-   ,2400H x 1200W,
2415 Glass Sliding Door - Stacker,,EACH,"$1,590.60", $-   ,2400H x 1500W,
2418 Glass Sliding Door - Stacker,,EACH,"$1,884.72", $-   ,2400H x 1800W,
2421 Glass Sliding Door - Stacker,,EACH,"$2,178.84", $-   ,2400H x 2100W,
2424 Glass Sliding Door - Stacker,,EACH,"$2,472.96", $-   ,2400H x 2400W,
2427 Glass Sliding Door - Stacker,,EACH,"$2,767.08", $-   ,2400H x 2700W,
2430 Glass Sliding Door - Stacker,,EACH,"$3,061.20", $-   ,2400H x 3000W,
2436 Glass Sliding Door - Stacker,,EACH,"$3,649.44", $-   ,2400H x 3600W,
2124 Glass Sliding Door - Centre Opening,,EACH,"$2,178.84", $-   ,2100H x 2400W,
2127 Glass Sliding Door - Centre Opening,,EACH,"$2,436.19", $-   ,2100H x 2700W,
2130 Glass Sliding Door - Centre Opening,,EACH,"$2,693.55", $-   ,2100H x 3000W,
2136 Glass Sliding Door - Centre Opening,,EACH,"$3,208.26", $-   ,2100H x 3600W,
2142 Glass Sliding Door - Centre Opening,,EACH,"$3,722.97", $-   ,2100H x 4200W,
2148 Glass Sliding Door - Centre Opening,,EACH,"$4,237.68", $-   ,2100H x 4800W,
2154 Glass Sliding Door - Centre Opening,,EACH,"$4,752.39", $-   ,2100H x 5400W,
2160 Glass Sliding Door - Centre Opening,,EACH,"$5,267.10", $-   ,2100H x 6000W,
2412 Glass Sliding Door - Centre Opening,,EACH,"$1,296.48", $-   ,2400H x 1200W,
2415 Glass Sliding Door - Centre Opening,,EACH,"$1,590.60", $-   ,2400H x 1500W,
2418 Glass Sliding Door - Centre Opening,,EACH,"$1,884.72", $-   ,2400H x 1800W,
2421 Glass Sliding Door - Centre Opening,,EACH,"$2,178.84", $-   ,2400H x 2100W,
2424 Glass Sliding Door - Centre Opening,,EACH,"$2,472.96", $-   ,2400H x 2400W,
2427 Glass Sliding Door - Centre Opening,,EACH,"$2,767.08", $-   ,2400H x 2700W,
2430 Glass Sliding Door - Centre Opening,,EACH,"$3,061.20", $-   ,2400H x 3000W,
2436 Glass Sliding Door - Centre Opening,,EACH,"$3,649.44", $-   ,2400H x 3600W,
2442 Glass Sliding Door - Centre Opening,,EACH,"$4,237.68", $-   ,2400H x 4200W,
2448 Glass Sliding Door - Centre Opening,,EACH,"$4,825.92", $-   ,2400H x 4800W,
2454 Glass Sliding Door - Centre Opening,,EACH,"$5,414.16", $-   ,2400H x 5400W,
2460 Glass Sliding Door - Centre Opening,,EACH,"$6,002.40", $-   ,2400H x 6000W,
2118 Glass Sliding Door - Corner,,EACH,"$1,664.13", $-   ,2100H x 1800W,
2121 Glass Sliding Door - Corner,,EACH,"$1,921.48", $-   ,2100H x 2100W,
2124 Glass Sliding Door - Corner,,EACH,"$2,178.84", $-   ,2100H x 2400W,
2127 Glass Sliding Door - Corner,,EACH,"$2,436.19", $-   ,2100H x 2700W,
2130 Glass Sliding Door - Corner,,EACH,"$2,693.55", $-   ,2100H x 3000W,
2136 Glass Sliding Door - Corner,,EACH,"$3,208.26", $-   ,2100H x 3600W,
2412 Glass Sliding Door - Corner,,EACH,"$1,296.48", $-   ,2400H x 1200W,
2415 Glass Sliding Door - Corner,,EACH,"$1,590.60", $-   ,2400H x 1500W,
2418 Glass Sliding Door - Corner,,EACH,"$1,884.72", $-   ,2400H x 1800W,
2421 Glass Sliding Door - Corner,,EACH,"$2,178.84", $-   ,2400H x 2100W,
2424 Glass Sliding Door - Corner,,EACH,"$2,472.96", $-   ,2400H x 2400W,
2427 Glass Sliding Door - Corner,,EACH,"$2,767.08", $-   ,2400H x 2700W,
2430 Glass Sliding Door - Corner,,EACH,"$3,061.20", $-   ,2400H x 3000W,
2436 Glass Sliding Door - Corner,,EACH,"$3,649.44", $-   ,2400H x 3600W,
2442 Glass Sliding Door - Corner,,EACH,"$4,237.68", $-   ,2400H x 4200W,
,,,,,,
FLYSCREENS,,,,,,
,,,,,,
Description,Qty,Unit, Price ,Cost,Size,Actions
0606 Sliding Window Flyscreen,,EACH, $80.00 , $-   ,600H x 600W,
607 Sliding Window Flyscreen,,EACH, $80.00 , $-   ,600H x 900W,
608 Sliding Window Flyscreen,,EACH, $80.00 , $-   ,600H x 1200W,
609 Sliding Window Flyscreen,,EACH, $87.78 , $-   ,600H x 1500W,
610 Sliding Window Flyscreen,,EACH, $101.01 , $-   ,600H x 1800W,
611 Sliding Window Flyscreen,,EACH, $114.25 , $-   ,600H x 2100W,
612 Sliding Window Flyscreen,,EACH, $127.48 , $-   ,600H x 2400W,
613 Sliding Window Flyscreen,,EACH, $140.72 , $-   ,600H x 2700W,
614 Sliding Window Flyscreen,,EACH, $80.00 , $-   ,900H x 600W,
615 Sliding Window Flyscreen,,EACH, $81.16 , $-   ,900H x 900W,
616 Sliding Window Flyscreen,,EACH, $101.01 , $-   ,900H x 1200W,
617 Sliding Window Flyscreen,,EACH, $120.87 , $-   ,900H x 1500W,
618 Sliding Window Flyscreen,,EACH, $140.72 , $-   ,900H x 1800W,
619 Sliding Window Flyscreen,,EACH, $160.57 , $-   ,900H x 2100W,
620 Sliding Window Flyscreen,,EACH, $180.42 , $-   ,900H x 2400W,
621 Sliding Window Flyscreen,,EACH, $200.28 , $-   ,900H x 2700W,
622 Sliding Window Flyscreen,,EACH, $80.00 , $-   ,1200H x 600W,
623 Sliding Window Flyscreen,,EACH, $101.01 , $-   ,1200H x 900W,
624 Sliding Window Flyscreen,,EACH, $127.48 , $-   ,1200H x 1200W,
625 Sliding Window Flyscreen,,EACH, $153.95 , $-   ,1200H x 1500W,
626 Sliding Window Flyscreen,,EACH, $180.42 , $-   ,1200H x 1800W,
627 Sliding Window Flyscreen,,EACH, $206.90 , $-   ,1200H x 2100W,
628 Sliding Window Flyscreen,,EACH, $233.37 , $-   ,1200H x 2400W,
629 Sliding Window Flyscreen,,EACH, $259.84 , $-   ,1200H x 2700W,
630 Sliding Window Flyscreen,,EACH, $87.78 , $-   ,1500H x 600W,
631 Sliding Window Flyscreen,,EACH, $120.87 , $-   ,1500H x 900W,
632 Sliding Window Flyscreen,,EACH, $153.95 , $-   ,1500H x 1200W,
633 Sliding Window Flyscreen,,EACH, $187.04 , $-   ,1500H x 1500W,
634 Sliding Window Flyscreen,,EACH, $220.13 , $-   ,1500H x 1800W,
635 Sliding Window Flyscreen,,EACH, $253.22 , $-   ,1500H x 2100W,
636 Sliding Window Flyscreen,,EACH, $286.31 , $-   ,1500H x 2400W,
637 Sliding Window Flyscreen,,EACH, $319.40 , $-   ,1500H x 2700W,
638 Sliding Window Flyscreen,,EACH, $101.01 , $-   ,1800H x 600W,
639 Sliding Window Flyscreen,,EACH, $140.72 , $-   ,1800H x 900W,
640 Sliding Window Flyscreen,,EACH, $180.42 , $-   ,1800H x 1200W,
641 Sliding Window Flyscreen,,EACH, $220.13 , $-   ,1800H x 1500W,
642 Sliding Window Flyscreen,,EACH, $259.84 , $-   ,1800H x 1800W,
643 Sliding Window Flyscreen,,EACH, $299.54 , $-   ,1800H x 2100W,
644 Sliding Window Flyscreen,,EACH, $339.25 , $-   ,1800H x 2400W,
645 Sliding Window Flyscreen,,EACH, $378.96 , $-   ,1800H x 2700W,
646 Sliding Window Flyscreen,,EACH, $114.25 , $-   ,2100H x 600W,
647 Sliding Window Flyscreen,,EACH, $160.57 , $-   ,2100H x 900W,
648 Sliding Window Flyscreen,,EACH, $206.90 , $-   ,2100H x 1200W,
649 Sliding Window Flyscreen,,EACH, $253.22 , $-   ,2100H x 1500W,
650 Sliding Window Flyscreen,,EACH, $299.54 , $-   ,2100H x 1800W,
651 Sliding Window Flyscreen,,EACH, $345.87 , $-   ,2100H x 2100W,
652 Sliding Window Flyscreen,,EACH, $392.19 , $-   ,2100H x 2400W,
653 Sliding Window Flyscreen,,EACH, $438.51 , $-   ,2100H x 2700W,
0606 Double Hung Flyscreen,,EACH, $93.60 , $-   ,600H x 600W,
607 Double Hung Flyscreen,,EACH, $93.60 , $-   ,600H x 700W,
608 Double Hung Flyscreen,,EACH, $93.60 , $-   ,600H x 800W,
609 Double Hung Flyscreen,,EACH, $93.60 , $-   ,600H x 900W,
610 Double Hung Flyscreen,,EACH, $93.60 , $-   ,600H x 1200W,
611 Double Hung Flyscreen,,EACH, $96.29 , $-   ,600H x 1400W,
612 Double Hung Flyscreen,,EACH, $101.63 , $-   ,600H x 1500W,
613 Double Hung Flyscreen,,EACH, $106.96 , $-   ,600H x 1600W,
614 Double Hung Flyscreen,,EACH, $117.63 , $-   ,600H x 1800W,
615 Double Hung Flyscreen,,EACH, $133.64 , $-   ,600H x 2100W,
616 Double Hung Flyscreen,,EACH, $138.97 , $-   ,600H x 2200W,
617 Double Hung Flyscreen,,EACH, $149.64 , $-   ,600H x 2400W,
618 Double Hung Flyscreen,,EACH, $165.65 , $-   ,600H x 2700W,
619 Double Hung Flyscreen,,EACH, $93.60 , $-   ,800H x 600W,
620 Double Hung Flyscreen,,EACH, $93.60 , $-   ,800H x 700W,
621 Double Hung Flyscreen,,EACH, $93.60 , $-   ,800H x 800W,
622 Double Hung Flyscreen,,EACH, $93.60 , $-   ,800H x 900W,
623 Double Hung Flyscreen,,EACH, $106.96 , $-   ,800H x 1200W,
624 Double Hung Flyscreen,,EACH, $121.19 , $-   ,800H x 1400W,
625 Double Hung Flyscreen,,EACH, $128.30 , $-   ,800H x 1500W,
626 Double Hung Flyscreen,,EACH, $135.42 , $-   ,800H x 1600W,
627 Double Hung Flyscreen,,EACH, $149.64 , $-   ,800H x 1800W,
628 Double Hung Flyscreen,,EACH, $170.99 , $-   ,800H x 2100W,
629 Double Hung Flyscreen,,EACH, $178.10 , $-   ,800H x 2200W,
630 Double Hung Flyscreen,,EACH, $192.33 , $-   ,800H x 2400W,
631 Double Hung Flyscreen,,EACH, $213.67 , $-   ,800H x 2700W,
632 Double Hung Flyscreen,,EACH, $93.60 , $-   ,900H x 600W,
633 Double Hung Flyscreen,,EACH, $93.60 , $-   ,900H x 700W,
634 Double Hung Flyscreen,,EACH, $93.60 , $-   ,900H x 800W,
635 Double Hung Flyscreen,,EACH, $93.63 , $-   ,900H x 900W,
636 Double Hung Flyscreen,,EACH, $117.63 , $-   ,900H x 1200W,
637 Double Hung Flyscreen,,EACH, $133.64 , $-   ,900H x 1400W,
638 Double Hung Flyscreen,,EACH, $141.64 , $-   ,900H x 1500W,
639 Double Hung Flyscreen,,EACH, $149.64 , $-   ,900H x 1600W,
640 Double Hung Flyscreen,,EACH, $165.65 , $-   ,900H x 1800W,
641 Double Hung Flyscreen,,EACH, $189.66 , $-   ,900H x 2100W,
642 Double Hung Flyscreen,,EACH, $197.66 , $-   ,900H x 2200W,
643 Double Hung Flyscreen,,EACH, $213.67 , $-   ,900H x 2400W,
644 Double Hung Flyscreen,,EACH, $237.68 , $-   ,900H x 2700W,
645 Double Hung Flyscreen,,EACH, $93.60 , $-   ,1000H x 600W,
646 Double Hung Flyscreen,,EACH, $93.60 , $-   ,1000H x 700W,
647 Double Hung Flyscreen,,EACH, $93.60 , $-   ,1000H x 800W,
648 Double Hung Flyscreen,,EACH, $101.63 , $-   ,1000H x 900W,
649 Double Hung Flyscreen,,EACH, $128.30 , $-   ,1000H x 1200W,
650 Double Hung Flyscreen,,EACH, $146.09 , $-   ,1000H x 1400W,
651 Double Hung Flyscreen,,EACH, $154.98 , $-   ,1000H x 1500W,
652 Double Hung Flyscreen,,EACH, $163.87 , $-   ,1000H x 1600W,
653 Double Hung Flyscreen,,EACH, $181.66 , $-   ,1000H x 1800W,
654 Double Hung Flyscreen,,EACH, $208.33 , $-   ,1000H x 2100W,
655 Double Hung Flyscreen,,EACH, $217.22 , $-   ,1000H x 2200W,
656 Double Hung Flyscreen,,EACH, $235.01 , $-   ,1000H x 2400W,
657 Double Hung Flyscreen,,EACH, $261.68 , $-   ,1000H x 2700W,
658 Double Hung Flyscreen,,EACH, $93.60 , $-   ,1200H x 600W,
659 Double Hung Flyscreen,,EACH, $96.29 , $-   ,1200H x 700W,
660 Double Hung Flyscreen,,EACH, $106.96 , $-   ,1200H x 800W,
661 Double Hung Flyscreen,,EACH, $117.63 , $-   ,1200H x 900W,
662 Double Hung Flyscreen,,EACH, $149.64 , $-   ,1200H x 1200W,
663 Double Hung Flyscreen,,EACH, $170.99 , $-   ,1200H x 1400W,
664 Double Hung Flyscreen,,EACH, $181.66 , $-   ,1200H x 1500W,
665 Double Hung Flyscreen,,EACH, $192.33 , $-   ,1200H x 1600W,
666 Double Hung Flyscreen,,EACH, $213.67 , $-   ,1200H x 1800W,
667 Double Hung Flyscreen,,EACH, $245.68 , $-   ,1200H x 2100W,
668 Double Hung Flyscreen,,EACH, $256.35 , $-   ,1200H x 2200W,
669 Double Hung Flyscreen,,EACH, $277.69 , $-   ,1200H x 2400W,
670 Double Hung Flyscreen,,EACH, $309.70 , $-   ,1200H x 2700W,
671 Double Hung Flyscreen,,EACH, $93.60 , $-   ,1300H x 600W,
672 Double Hung Flyscreen,,EACH, $102.52 , $-   ,1300H x 700W,
673 Double Hung Flyscreen,,EACH, $114.08 , $-   ,1300H x 800W,
674 Double Hung Flyscreen,,EACH, $125.64 , $-   ,1300H x 900W,
675 Double Hung Flyscreen,,EACH, $160.32 , $-   ,1300H x 1200W,
676 Double Hung Flyscreen,,EACH, $183.43 , $-   ,1300H x 1400W,
677 Double Hung Flyscreen,,EACH, $194.99 , $-   ,1300H x 1500W,
678 Double Hung Flyscreen,,EACH, $206.55 , $-   ,1300H x 1600W,
679 Double Hung Flyscreen,,EACH, $229.67 , $-   ,1300H x 1800W,
680 Double Hung Flyscreen,,EACH, $264.35 , $-   ,1300H x 2100W,
681 Double Hung Flyscreen,,EACH, $275.91 , $-   ,1300H x 2200W,
682 Double Hung Flyscreen,,EACH, $299.03 , $-   ,1300H x 2400W,
683 Double Hung Flyscreen,,EACH, $333.71 , $-   ,1300H x 2700W,
684 Double Hung Flyscreen,,EACH, $96.29 , $-   ,1400H x 600W,
685 Double Hung Flyscreen,,EACH, $108.74 , $-   ,1400H x 700W,
686 Double Hung Flyscreen,,EACH, $121.19 , $-   ,1400H x 800W,
687 Double Hung Flyscreen,,EACH, $133.64 , $-   ,1400H x 900W,
688 Double Hung Flyscreen,,EACH, $170.99 , $-   ,1400H x 1200W,
689 Double Hung Flyscreen,,EACH, $195.88 , $-   ,1400H x 1400W,
690 Double Hung Flyscreen,,EACH, $208.33 , $-   ,1400H x 1500W,
691 Double Hung Flyscreen,,EACH, $220.78 , $-   ,1400H x 1600W,
692 Double Hung Flyscreen,,EACH, $245.68 , $-   ,1400H x 1800W,
693 Double Hung Flyscreen,,EACH, $283.02 , $-   ,1400H x 2100W,
694 Double Hung Flyscreen,,EACH, $295.47 , $-   ,1400H x 2200W,
695 Double Hung Flyscreen,,EACH, $320.37 , $-   ,1400H x 2400W,
696 Double Hung Flyscreen,,EACH, $357.72 , $-   ,1400H x 2700W,
697 Double Hung Flyscreen,,EACH, $101.63 , $-   ,1500H x 600W,
698 Double Hung Flyscreen,,EACH, $114.97 , $-   ,1500H x 700W,
699 Double Hung Flyscreen,,EACH, $128.30 , $-   ,1500H x 800W,
700 Double Hung Flyscreen,,EACH, $141.64 , $-   ,1500H x 900W,
701 Double Hung Flyscreen,,EACH, $181.66 , $-   ,1500H x 1200W,
702 Double Hung Flyscreen,,EACH, $208.33 , $-   ,1500H x 1400W,
703 Double Hung Flyscreen,,EACH, $221.67 , $-   ,1500H x 1500W,
704 Double Hung Flyscreen,,EACH, $235.01 , $-   ,1500H x 1600W,
705 Double Hung Flyscreen,,EACH, $261.68 , $-   ,1500H x 1800W,
706 Double Hung Flyscreen,,EACH, $301.70 , $-   ,1500H x 2100W,
707 Double Hung Flyscreen,,EACH, $315.04 , $-   ,1500H x 2200W,
708 Double Hung Flyscreen,,EACH, $341.71 , $-   ,1500H x 2400W,
709 Double Hung Flyscreen,,EACH, $381.73 , $-   ,1500H x 2700W,
710 Double Hung Flyscreen,,EACH, $117.63 , $-   ,1800H x 600W,
711 Double Hung Flyscreen,,EACH, $133.64 , $-   ,1800H x 700W,
712 Double Hung Flyscreen,,EACH, $149.64 , $-   ,1800H x 800W,
713 Double Hung Flyscreen,,EACH, $165.65 , $-   ,1800H x 900W,
714 Double Hung Flyscreen,,EACH, $213.67 , $-   ,1800H x 1200W,
715 Double Hung Flyscreen,,EACH, $245.68 , $-   ,1800H x 1400W,
716 Double Hung Flyscreen,,EACH, $261.68 , $-   ,1800H x 1500W,
717 Double Hung Flyscreen,,EACH, $277.69 , $-   ,1800H x 1600W,
718 Double Hung Flyscreen,,EACH, $309.70 , $-   ,1800H x 1800W,
719 Double Hung Flyscreen,,EACH, $357.72 , $-   ,1800H x 2100W,
720 Double Hung Flyscreen,,EACH, $373.72 , $-   ,1800H x 2200W,
721 Double Hung Flyscreen,,EACH, $405.73 , $-   ,1800H x 2400W,
722 Double Hung Flyscreen,,EACH, $453.75 , $-   ,1800H x 2700W,
723 Double Hung Flyscreen,,EACH, $128.30 , $-   ,2000H x 600W,
724 Double Hung Flyscreen,,EACH, $146.09 , $-   ,2000H x 700W,
725 Double Hung Flyscreen,,EACH, $163.87 , $-   ,2000H x 800W,
726 Double Hung Flyscreen,,EACH, $181.66 , $-   ,2000H x 900W,
727 Double Hung Flyscreen,,EACH, $235.01 , $-   ,2000H x 1200W,
728 Double Hung Flyscreen,,EACH, $270.58 , $-   ,2000H x 1400W,
729 Double Hung Flyscreen,,EACH, $288.36 , $-   ,2000H x 1500W,
730 Double Hung Flyscreen,,EACH, $306.14 , $-   ,2000H x 1600W,
731 Double Hung Flyscreen,,EACH, $341.71 , $-   ,2000H x 1800W,
732 Double Hung Flyscreen,,EACH, $395.06 , $-   ,2000H x 2100W,
733 Double Hung Flyscreen,,EACH, $412.85 , $-   ,2000H x 2200W,
734 Double Hung Flyscreen,,EACH, $448.42 , $-   ,2000H x 2400W,
735 Double Hung Flyscreen,,EACH, $501.77 , $-   ,2000H x 2700W,
736 Double Hung Flyscreen,,EACH, $133.64 , $-   ,2100H x 600W,
737 Double Hung Flyscreen,,EACH, $152.31 , $-   ,2100H x 700W,
738 Double Hung Flyscreen,,EACH, $170.99 , $-   ,2100H x 800W,
739 Double Hung Flyscreen,,EACH, $189.66 , $-   ,2100H x 900W,
740 Double Hung Flyscreen,,EACH, $245.68 , $-   ,2100H x 1200W,
741 Double Hung Flyscreen,,EACH, $283.02 , $-   ,2100H x 1400W,
742 Double Hung Flyscreen,,EACH, $301.70 , $-   ,2100H x 1500W,
743 Double Hung Flyscreen,,EACH, $320.37 , $-   ,2100H x 1600W,
744 Double Hung Flyscreen,,EACH, $357.72 , $-   ,2100H x 1800W,
745 Double Hung Flyscreen,,EACH, $413.74 , $-   ,2100H x 2100W,
746 Double Hung Flyscreen,,EACH, $432.41 , $-   ,2100H x 2200W,
747 Double Hung Flyscreen,,EACH, $469.76 , $-   ,2100H x 2400W,
748 Double Hung Flyscreen,,EACH, $525.78 , $-   ,2100H x 2700W,
0606 Awning Flyscreen,,EACH, $90.00 , $-   ,600H x 600W,
607 Awning Flyscreen,,EACH, $90.00 , $-   ,600H x 900W,
608 Awning Flyscreen,,EACH, $90.00 , $-   ,600H x 1200W,
609 Awning Flyscreen,,EACH, $98.55 , $-   ,600H x 1500W,
610 Awning Flyscreen,,EACH, $113.94 , $-   ,600H x 1800W,
611 Awning Flyscreen,,EACH, $129.33 , $-   ,600H x 2100W,
612 Awning Flyscreen,,EACH, $144.72 , $-   ,600H x 2400W,
613 Awning Flyscreen,,EACH, $160.11 , $-   ,600H x 2700W,
614 Awning Flyscreen,,EACH, $90.00 , $-   ,900H x 600W,
615 Awning Flyscreen,,EACH, $90.85 , $-   ,900H x 900W,
616 Awning Flyscreen,,EACH, $113.94 , $-   ,900H x 1200W,
617 Awning Flyscreen,,EACH, $137.03 , $-   ,900H x 1500W,
618 Awning Flyscreen,,EACH, $160.11 , $-   ,900H x 1800W,
619 Awning Flyscreen,,EACH, $183.19 , $-   ,900H x 2100W,
620 Awning Flyscreen,,EACH, $206.28 , $-   ,900H x 2400W,
621 Awning Flyscreen,,EACH, $229.36 , $-   ,900H x 2700W,
622 Awning Flyscreen,,EACH, $90.00 , $-   ,1000H x 600W,
623 Awning Flyscreen,,EACH, $98.55 , $-   ,1000H x 900W,
624 Awning Flyscreen,,EACH, $124.20 , $-   ,1000H x 1200W,
625 Awning Flyscreen,,EACH, $149.85 , $-   ,1000H x 1500W,
626 Awning Flyscreen,,EACH, $175.50 , $-   ,1000H x 1800W,
627 Awning Flyscreen,,EACH, $201.15 , $-   ,1000H x 2100W,
628 Awning Flyscreen,,EACH, $226.80 , $-   ,1000H x 2400W,
629 Awning Flyscreen,,EACH, $252.45 , $-   ,1000H x 2700W,
630 Awning Flyscreen,,EACH, $90.00 , $-   ,1200H x 600W,
631 Awning Flyscreen,,EACH, $113.94 , $-   ,1200H x 900W,
632 Awning Flyscreen,,EACH, $144.72 , $-   ,1200H x 1200W,
633 Awning Flyscreen,,EACH, $175.50 , $-   ,1200H x 1500W,
634 Awning Flyscreen,,EACH, $206.28 , $-   ,1200H x 1800W,
635 Awning Flyscreen,,EACH, $237.06 , $-   ,1200H x 2100W,
636 Awning Flyscreen,,EACH, $267.84 , $-   ,1200H x 2400W,
637 Awning Flyscreen,,EACH, $298.62 , $-   ,1200H x 2700W,
638 Awning Flyscreen,,EACH, $93.42 , $-   ,1400H x 600W,
639 Awning Flyscreen,,EACH, $129.33 , $-   ,1400H x 900W,
640 Awning Flyscreen,,EACH, $165.24 , $-   ,1400H x 1200W,
641 Awning Flyscreen,,EACH, $201.15 , $-   ,1400H x 1500W,
642 Awning Flyscreen,,EACH, $237.06 , $-   ,1400H x 1800W,
643 Awning Flyscreen,,EACH, $272.97 , $-   ,1400H x 2100W,
644 Awning Flyscreen,,EACH, $308.88 , $-   ,1400H x 2400W,
645 Awning Flyscreen,,EACH, $344.79 , $-   ,1400H x 2700W,
646 Awning Flyscreen,,EACH, $113.94 , $-   ,1800H x 600W,
647 Awning Flyscreen,,EACH, $160.11 , $-   ,1800H x 900W,
648 Awning Flyscreen,,EACH, $206.28 , $-   ,1800H x 1200W,
649 Awning Flyscreen,,EACH, $252.45 , $-   ,1800H x 1500W,
650 Awning Flyscreen,,EACH, $298.62 , $-   ,1800H x 1800W,
651 Awning Flyscreen,,EACH, $344.79 , $-   ,1800H x 2100W,
652 Awning Flyscreen,,EACH, $390.96 , $-   ,1800H x 2400W,
653 Awning Flyscreen,,EACH, $437.13 , $-   ,1800H x 2700W,
654 Awning Flyscreen,,EACH, $129.33 , $-   ,2100H x 600W,
655 Awning Flyscreen,,EACH, $183.19 , $-   ,2100H x 900W,
656 Awning Flyscreen,,EACH, $237.06 , $-   ,2100H x 1200W,
657 Awning Flyscreen,,EACH, $290.93 , $-   ,2100H x 1500W,
658 Awning Flyscreen,,EACH, $344.79 , $-   ,2100H x 1800W,
659 Awning Flyscreen,,EACH, $398.65 , $-   ,2100H x 2100W,
660 Awning Flyscreen,,EACH, $452.52 , $-   ,2100H x 2400W,
661 Awning Flyscreen,,EACH, $506.38 , $-   ,2100H x 2700W,
0603 Louvre Flyscreen,,EACH, $126.00 , $-   ,600H x 300W,
604 Louvre Flyscreen,,EACH, $126.00 , $-   ,600H x 450W,
605 Louvre Flyscreen,,EACH, $126.00 , $-   ,600H x 600W,
606 Louvre Flyscreen,,EACH, $126.00 , $-   ,600H x 750W,
607 Louvre Flyscreen,,EACH, $126.00 , $-   ,600H x 900W,
608 Louvre Flyscreen,,EACH, $126.00 , $-   ,900H x 300W,
609 Louvre Flyscreen,,EACH, $126.00 , $-   ,900H x 450W,
610 Louvre Flyscreen,,EACH, $126.00 , $-   ,900H x 600W,
611 Louvre Flyscreen,,EACH, $126.00 , $-   ,900H x 750W,
612 Louvre Flyscreen,,EACH, $126.00 , $-   ,900H x 900W,
613 Louvre Flyscreen,,EACH, $126.00 , $-   ,1200H x 300W,
614 Louvre Flyscreen,,EACH, $126.00 , $-   ,1200H x 450W,
615 Louvre Flyscreen,,EACH, $126.00 , $-   ,1200H x 600W,
616 Louvre Flyscreen,,EACH, $129.33 , $-   ,1200H x 750W,
617 Louvre Flyscreen,,EACH, $150.88 , $-   ,1200H x 900W,
618 Louvre Flyscreen,,EACH, $126.00 , $-   ,1500H x 300W,
619 Louvre Flyscreen,,EACH, $126.00 , $-   ,1500H x 450W,
620 Louvre Flyscreen,,EACH, $129.33 , $-   ,1500H x 600W,
621 Louvre Flyscreen,,EACH, $156.26 , $-   ,1500H x 750W,
622 Louvre Flyscreen,,EACH, $183.19 , $-   ,1500H x 900W,
623 Louvre Flyscreen,,EACH, $126.00 , $-   ,1800H x 300W,
624 Louvre Flyscreen,,EACH, $126.00 , $-   ,1800H x 450W,
625 Louvre Flyscreen,,EACH, $150.88 , $-   ,1800H x 600W,
626 Louvre Flyscreen,,EACH, $183.19 , $-   ,1800H x 750W,
627 Louvre Flyscreen,,EACH, $215.51 , $-   ,1800H x 900W,
628 Louvre Flyscreen,,EACH, $126.00 , $-   ,2100H x 300W,
629 Louvre Flyscreen,,EACH, $134.72 , $-   ,2100H x 450W,
630 Louvre Flyscreen,,EACH, $172.42 , $-   ,2100H x 600W,
631 Louvre Flyscreen,,EACH, $210.13 , $-   ,2100H x 750W,
632 Louvre Flyscreen,,EACH, $247.83 , $-   ,2100H x 900W,
633 Louvre Flyscreen,,EACH, $126.00 , $-   ,2400H x 300W,
634 Louvre Flyscreen,,EACH, $150.88 , $-   ,2400H x 450W,
635 Louvre Flyscreen,,EACH, $193.97 , $-   ,2400H x 600W,
636 Louvre Flyscreen,,EACH, $237.06 , $-   ,2400H x 750W,
637 Louvre Flyscreen,,EACH, $280.15 , $-   ,2400H x 900W,
638 Louvre Flyscreen,,EACH, $126.00 , $-   ,2700H x 300W,
639 Louvre Flyscreen,,EACH, $167.03 , $-   ,2700H x 450W,
640 Louvre Flyscreen,,EACH, $215.51 , $-   ,2700H x 600W,
641 Louvre Flyscreen,,EACH, $263.99 , $-   ,2700H x 750W,
642 Louvre Flyscreen,,EACH, $312.47 , $-   ,2700H x 900W,
643 Louvre Flyscreen,,EACH, $129.33 , $-   ,3000H x 300W,
644 Louvre Flyscreen,,EACH, $183.19 , $-   ,3000H x 450W,
645 Louvre Flyscreen,,EACH, $237.06 , $-   ,3000H x 600W,
646 Louvre Flyscreen,,EACH, $290.93 , $-   ,3000H x 750W,
647 Louvre Flyscreen,,EACH, $344.79 , $-   ,3000H x 900W,
0606 Casement Flyscreen,,EACH, $93.60 , $-   ,600H x 600W,
607 Casement Flyscreen,,EACH, $93.60 , $-   ,600H x 900W,
608 Casement Flyscreen,,EACH, $93.60 , $-   ,600H x 1200W,
609 Casement Flyscreen,,EACH, $101.63 , $-   ,600H x 1500W,
610 Casement Flyscreen,,EACH, $117.63 , $-   ,600H x 1800W,
611 Casement Flyscreen,,EACH, $93.60 , $-   ,900H x 600W,
612 Casement Flyscreen,,EACH, $93.63 , $-   ,900H x 900W,
613 Casement Flyscreen,,EACH, $117.63 , $-   ,900H x 1200W,
614 Casement Flyscreen,,EACH, $141.64 , $-   ,900H x 1500W,
615 Casement Flyscreen,,EACH, $165.65 , $-   ,900H x 1800W,
616 Casement Flyscreen,,EACH, $93.60 , $-   ,1200H x 600W,
617 Casement Flyscreen,,EACH, $117.63 , $-   ,1200H x 900W,
618 Casement Flyscreen,,EACH, $149.64 , $-   ,1200H x 1200W,
619 Casement Flyscreen,,EACH, $181.66 , $-   ,1200H x 1500W,
620 Casement Flyscreen,,EACH, $213.67 , $-   ,1200H x 1800W,
621 Casement Flyscreen,,EACH, $101.63 , $-   ,1500H x 600W,
622 Casement Flyscreen,,EACH, $141.64 , $-   ,1500H x 900W,
623 Casement Flyscreen,,EACH, $181.66 , $-   ,1500H x 1200W,
624 Casement Flyscreen,,EACH, $221.67 , $-   ,1500H x 1500W,
625 Casement Flyscreen,,EACH, $261.68 , $-   ,1500H x 1800W,
626 Casement Flyscreen,,EACH, $117.63 , $-   ,1800H x 600W,
627 Casement Flyscreen,,EACH, $165.65 , $-   ,1800H x 900W,
628 Casement Flyscreen,,EACH, $213.67 , $-   ,1800H x 1200W,
629 Casement Flyscreen,,EACH, $261.68 , $-   ,1800H x 1500W,
630 Casement Flyscreen,,EACH, $309.70 , $-   ,1800H x 1800W,
631 Casement Flyscreen,,EACH, $133.64 , $-   ,2100H x 600W,
632 Casement Flyscreen,,EACH, $189.66 , $-   ,2100H x 900W,
633 Casement Flyscreen,,EACH, $245.68 , $-   ,2100H x 1200W,
634 Casement Flyscreen,,EACH, $301.70 , $-   ,2100H x 1500W,
635 Casement Flyscreen,,EACH, $357.72 , $-   ,2100H x 1800W,
2112 Glass Sliding Door Flyscreen,,EACH, $206.90 , $-   ,2100H x 1200W,
2113 Glass Sliding Door Flyscreen,,EACH, $253.22 , $-   ,2100H x 1500W,
2114 Glass Sliding Door Flyscreen,,EACH, $299.54 , $-   ,2100H x 1800W,
2115 Glass Sliding Door Flyscreen,,EACH, $345.87 , $-   ,2100H x 2100W,
2116 Glass Sliding Door Flyscreen,,EACH, $392.19 , $-   ,2100H x 2400W,
2117 Glass Sliding Door Flyscreen,,EACH, $438.51 , $-   ,2100H x 2700W,
2118 Glass Sliding Door Flyscreen,,EACH, $484.84 , $-   ,2100H x 3000W,
2119 Glass Sliding Door Flyscreen,,EACH, $577.49 , $-   ,2100H x 3600W,
2120 Glass Sliding Door Flyscreen,,EACH, $670.13 , $-   ,2100H x 4200W,
2121 Glass Sliding Door Flyscreen,,EACH, $762.78 , $-   ,2100H x 4800W,
2122 Glass Sliding Door Flyscreen,,EACH, $855.43 , $-   ,2100H x 5400W,
2123 Glass Sliding Door Flyscreen,,EACH, $948.08 , $-   ,2100H x 6000W,
2124 Glass Sliding Door Flyscreen,,EACH, $233.37 , $-   ,2400H x 1200W,
2125 Glass Sliding Door Flyscreen,,EACH, $286.31 , $-   ,2400H x 1500W,
2126 Glass Sliding Door Flyscreen,,EACH, $339.25 , $-   ,2400H x 1800W,
2127 Glass Sliding Door Flyscreen,,EACH, $392.19 , $-   ,2400H x 2100W,
2128 Glass Sliding Door Flyscreen,,EACH, $445.13 , $-   ,2400H x 2400W,
2129 Glass Sliding Door Flyscreen,,EACH, $498.07 , $-   ,2400H x 2700W,
2130 Glass Sliding Door Flyscreen,,EACH, $551.02 , $-   ,2400H x 3000W,
2131 Glass Sliding Door Flyscreen,,EACH, $656.90 , $-   ,2400H x 3600W,
2132 Glass Sliding Door Flyscreen,,EACH, $762.78 , $-   ,2400H x 4200W,
2133 Glass Sliding Door Flyscreen,,EACH, $868.67 , $-   ,2400H x 4800W,
2134 Glass Sliding Door Flyscreen,,EACH, $974.55 , $-   ,2400H x 5400W,
2135 Glass Sliding Door Flyscreen,,EACH," $1,080.43 ", $-   ,2400H x 6000W,
2112 Glass Sliding Door - Stacker Flyscreen,,EACH, $206.90 , $-   ,2100H x 1200W,
2113 Glass Sliding Door - Stacker Flyscreen,,EACH, $253.22 , $-   ,2100H x 1500W,
2114 Glass Sliding Door - Stacker Flyscreen,,EACH, $299.54 , $-   ,2100H x 1800W,
2115 Glass Sliding Door - Stacker Flyscreen,,EACH, $345.87 , $-   ,2100H x 2100W,
2116 Glass Sliding Door - Stacker Flyscreen,,EACH, $392.19 , $-   ,2100H x 2400W,
2117 Glass Sliding Door - Stacker Flyscreen,,EACH, $438.51 , $-   ,2100H x 2700W,
2118 Glass Sliding Door - Stacker Flyscreen,,EACH, $484.84 , $-   ,2100H x 3000W,
2119 Glass Sliding Door - Stacker Flyscreen,,EACH, $577.49 , $-   ,2100H x 3600W,
2120 Glass Sliding Door - Stacker Flyscreen,,EACH, $670.13 , $-   ,2100H x 4200W,
2121 Glass Sliding Door - Stacker Flyscreen,,EACH, $762.78 , $-   ,2100H x 4800W,
2122 Glass Sliding Door - Stacker Flyscreen,,EACH, $855.43 , $-   ,2100H x 5400W,
2123 Glass Sliding Door - Stacker Flyscreen,,EACH, $948.08 , $-   ,2100H x 6000W,
2124 Glass Sliding Door - Stacker Flyscreen,,EACH, $233.37 , $-   ,2400H x 1200W,
2125 Glass Sliding Door - Stacker Flyscreen,,EACH, $286.31 , $-   ,2400H x 1500W,
2126 Glass Sliding Door - Stacker Flyscreen,,EACH, $339.25 , $-   ,2400H x 1800W,
2127 Glass Sliding Door - Stacker Flyscreen,,EACH, $392.19 , $-   ,2400H x 2100W,
2128 Glass Sliding Door - Stacker Flyscreen,,EACH, $445.13 , $-   ,2400H x 2400W,
2129 Glass Sliding Door - Stacker Flyscreen,,EACH, $498.07 , $-   ,2400H x 2700W,
2130 Glass Sliding Door - Stacker Flyscreen,,EACH, $551.02 , $-   ,2400H x 3000W,
2131 Glass Sliding Door - Stacker Flyscreen,,EACH, $656.90 , $-   ,2400H x 3600W,
2132 Glass Sliding Door - Stacker Flyscreen,,EACH, $762.78 , $-   ,2400H x 4200W,
2133 Glass Sliding Door - Stacker Flyscreen,,EACH, $868.67 , $-   ,2400H x 4800W,
2134 Glass Sliding Door - Stacker Flyscreen,,EACH, $974.55 , $-   ,2400H x 5400W,
2135 Glass Sliding Door - Stacker Flyscreen,,EACH," $1,080.43 ", $-   ,2400H x 6000W,
2112 GSD - Centre Opening Flyscreen,,EACH, $206.90 , $-   ,2100H x 1200W,
2113 GSD - Centre Opening Flyscreen,,EACH, $253.22 , $-   ,2100H x 1500W,
2114 GSD - Centre Opening Flyscreen,,EACH, $299.54 , $-   ,2100H x 1800W,
2115 GSD - Centre Opening Flyscreen,,EACH, $345.87 , $-   ,2100H x 2100W,
2116 GSD - Centre Opening Flyscreen,,EACH, $392.19 , $-   ,2100H x 2400W,
2117 GSD - Centre Opening Flyscreen,,EACH, $438.51 , $-   ,2100H x 2700W,
2118 GSD - Centre Opening Flyscreen,,EACH, $484.84 , $-   ,2100H x 3000W,
2119 GSD - Centre Opening Flyscreen,,EACH, $577.49 , $-   ,2100H x 3600W,
2120 GSD - Centre Opening Flyscreen,,EACH, $670.13 , $-   ,2100H x 4200W,
2121 GSD - Centre Opening Flyscreen,,EACH, $762.78 , $-   ,2100H x 4800W,
2122 GSD - Centre Opening Flyscreen,,EACH, $855.43 , $-   ,2100H x 5400W,
2123 GSD - Centre Opening Flyscreen,,EACH, $948.08 , $-   ,2100H x 6000W,
2124 GSD - Centre Opening Flyscreen,,EACH, $233.37 , $-   ,2400H x 1200W,
2125 GSD - Centre Opening Flyscreen,,EACH, $286.31 , $-   ,2400H x 1500W,
2126 GSD - Centre Opening Flyscreen,,EACH, $339.25 , $-   ,2400H x 1800W,
2127 GSD - Centre Opening Flyscreen,,EACH, $392.19 , $-   ,2400H x 2100W,
2128 GSD - Centre Opening Flyscreen,,EACH, $445.13 , $-   ,2400H x 2400W,
2129 GSD - Centre Opening Flyscreen,,EACH, $498.07 , $-   ,2400H x 2700W,
2130 GSD - Centre Opening Flyscreen,,EACH, $551.02 , $-   ,2400H x 3000W,
2131 GSD - Centre Opening Flyscreen,,EACH, $656.90 , $-   ,2400H x 3600W,
2132 GSD - Centre Opening Flyscreen,,EACH, $762.78 , $-   ,2400H x 4200W,
2133 GSD - Centre Opening Flyscreen,,EACH, $868.67 , $-   ,2400H x 4800W,
2134 GSD - Centre Opening Flyscreen,,EACH, $974.55 , $-   ,2400H x 5400W,
2135 GSD - Centre Opening Flyscreen,,EACH," $1,080.43 ", $-   ,2400H x 6000W,
2112 Glass Sliding Door - Corner Flyscreen,,EACH, $206.90 , $-   ,2100H x 1200W,
2113 Glass Sliding Door - Corner Flyscreen,,EACH, $253.22 , $-   ,2100H x 1500W,
2114 Glass Sliding Door - Corner Flyscreen,,EACH, $299.54 , $-   ,2100H x 1800W,
2115 Glass Sliding Door - Corner Flyscreen,,EACH, $345.87 , $-   ,2100H x 2100W,
2116 Glass Sliding Door - Corner Flyscreen,,EACH, $392.19 , $-   ,2100H x 2400W,
2117 Glass Sliding Door - Corner Flyscreen,,EACH, $438.51 , $-   ,2100H x 2700W,
2118 Glass Sliding Door - Corner Flyscreen,,EACH, $484.84 , $-   ,2100H x 3000W,
2119 Glass Sliding Door - Corner Flyscreen,,EACH, $577.49 , $-   ,2100H x 3600W,
2120 Glass Sliding Door - Corner Flyscreen,,EACH, $670.13 , $-   ,2100H x 4200W,
2121 Glass Sliding Door - Corner Flyscreen,,EACH, $762.78 , $-   ,2100H x 4800W,
2122 Glass Sliding Door - Corner Flyscreen,,EACH, $855.43 , $-   ,2100H x 5400W,
2123 Glass Sliding Door - Corner Flyscreen,,EACH, $948.08 , $-   ,2100H x 6000W,
2124 Glass Sliding Door - Corner Flyscreen,,EACH, $233.37 , $-   ,2400H x 1200W,
2125 Glass Sliding Door - Corner Flyscreen,,EACH, $286.31 , $-   ,2400H x 1500W,
2126 Glass Sliding Door - Corner Flyscreen,,EACH, $339.25 , $-   ,2400H x 1800W,
2127 Glass Sliding Door - Corner Flyscreen,,EACH, $392.19 , $-   ,2400H x 2100W,
2128 Glass Sliding Door - Corner Flyscreen,,EACH, $445.13 , $-   ,2400H x 2400W,
2129 Glass Sliding Door - Corner Flyscreen,,EACH, $498.07 , $-   ,2400H x 2700W,
2130 Glass Sliding Door - Corner Flyscreen,,EACH, $551.02 , $-   ,2400H x 3000W,
2131 Glass Sliding Door - Corner Flyscreen,,EACH, $656.90 , $-   ,2400H x 3600W,
2132 Glass Sliding Door - Corner Flyscreen,,EACH, $762.78 , $-   ,2400H x 4200W,
2133 Glass Sliding Door - Corner Flyscreen,,EACH, $868.67 , $-   ,2400H x 4800W,
2134 Glass Sliding Door - Corner Flyscreen,,EACH, $974.55 , $-   ,2400H x 5400W,
2135 Glass Sliding Door - Corner Flyscreen,,EACH," $1,080.43 ", $-   ,2400H x 6000W,
