category,path,lines,sha256,decision
"10,000+",data/product-library/catalogues/appliances/AU-APPLIANCE-CATALOGUE.SAFETY-20260916-123112.json,49668,426a91fa54c4daa94d82bb50ef9a4e6839b7aa2236f463e19c7f901a22184156,"Preserve: active/unowned catalogue source, evidence or recovery artifact; no safe cleanup ownership established"
"10,000+",data/product-library/catalogues/benchtops/AU-POLYTEC-LAMINATE-BENCHTOPS.js,24467,5f6d0d371a48db3945784b2cb148f5ea6eb7651702511b0b50040e3d1ce12cb6,"Preserve: active/unowned catalogue source, evidence or recovery artifact; no safe cleanup ownership established"
"10,000+",artifacts/catalogue-sources/laminex-laminate-benchtops/f370700bb0e187a225955ca3f970e610d6e003eb745051d7815e51d61a9dc83f.html,22852,b8d809389aae226208ae4a94daac62942c88eb95764a254b7c1df93ea12fb884,"Preserve: active/unowned catalogue source, evidence or recovery artifact; no safe cleanup ownership established"
"10,000+",artifacts/catalogue/whirlpool-hnc-20260916/manufacturer-products-1.json,20177,a92c0ec5b3c8ec55e2211434ecda2c5f6c1c5667aa04579e465b4c9405580ec5,"Preserve: active/unowned catalogue source, evidence or recovery artifact; no safe cleanup ownership established"
"10,000+",data/product-library/catalogues/kitchen/AU-KITCHEN-SINK-CATALOGUE.json,16593,c90afb018ffd66d9e50c6ea4f1c76fc36d85d032919dc8a0d116bcd9b2817cc6,"Preserve: active/unowned catalogue source, evidence or recovery artifact; no safe cleanup ownership established"
"10,000+",data/product-library/source-evidence/internal-finishing/wardrobe-product-details.json,14272,d80e780866108db6466505d5e77970702a47995752fe661a03f6599213a5912e,"Preserve: active/unowned catalogue source, evidence or recovery artifact; no safe cleanup ownership established"
"10,000+",artifacts/catalogue-sources/laminex-laminate-benchtops/07e3c7ef849ae80092788f5dfec911fa407f6e356781b92816894f4e3425fc91.html,13405,d42c1c173877db4c1a4f2910505f2221c076bda7b1df110922f1067bfdc83a9f,"Preserve: active/unowned catalogue source, evidence or recovery artifact; no safe cleanup ownership established"
"10,000+",data/product-library/catalogues/internal/AU-INTERNAL-SYSTEMS-CATALOGUE.json,13330,f659e73e76cf2c04f18ee13ffa8c1527384eaa303e77a6610ab2ecd8a686d61b,"Preserve: active/unowned catalogue source, evidence or recovery artifact; no safe cleanup ownership established"
"10,000+",artifacts/catalogue-sources/laminex-laminate-benchtops/59a3f4a4d62026116a989904cb8c7ebb63af599ab923e3bf56138a71fc84badf.html,11927,71c26edc4f042399ee3641914592d39e33de67fc2d6987c9833366c396afdbf3,"Preserve: active/unowned catalogue source, evidence or recovery artifact; no safe cleanup ownership established"
"10,000+",artifacts/catalogue-sources/laminex-laminate-benchtops/514604457a41f7ab79c24cb6c6334208b991074f450625bc0ea55e55440f4415.html,11785,898f00647e08b96a63c057ef9a50e886a33091eece31b0d33b7aa78a8d553959,"Preserve: active/unowned catalogue source, evidence or recovery artifact; no safe cleanup ownership established"
"10,000+",artifacts/catalogue-sources/laminex-laminate-benchtops/57f22627e49a8d4fb8329f896ceef0d8d6f24d4b7bf1de7909bfc2880edc6548.html,11752,551f0b43feb1063104aac3e5b262d630c09bb1c78e36973fbad1641a97d7fd08,"Preserve: active/unowned catalogue source, evidence or recovery artifact; no safe cleanup ownership established"
"10,000+",artifacts/catalogue-sources/laminex-laminate-benchtops/9d7f6e684ad9be2374583cda6cac93b2990627f89b9d7782a84a3bac1890be86.html,11733,40f49787addf24eab27a920de485ec3d502183b44b49436908a93efbb8075e15,"Preserve: active/unowned catalogue source, evidence or recovery artifact; no safe cleanup ownership established"
"10,000+",artifacts/catalogue-sources/laminex-laminate-benchtops/69796871def94cba82315a68295742609d773e0e943f75df58205d197e68b06c.html,11723,f36ad2c3b7d861eae6efed0fba626c148f50378a4f44f5633bf8d86a9d4ddd8d,"Preserve: active/unowned catalogue source, evidence or recovery artifact; no safe cleanup ownership established"
"10,000+",artifacts/catalogue-sources/laminex-laminate-benchtops/eb2fc21b0e68e0a82fe67c86627eded3e3138797b9061372749903faf71ce4b0.html,11508,0d15d2e155f11ad8ee3cbf86506d096f55f698109cdec0e4d3adc1a947268a90,"Preserve: active/unowned catalogue source, evidence or recovery artifact; no safe cleanup ownership established"
"10,000+",artifacts/catalogue-sources/laminex-laminate-benchtops/b7e9c371d9a3c260e1de2ecee7e05fc38c3764c02eaaaa4cdc08bfc7ba368881.html,11487,c8114cfa60dd2e56db994106570c46c65c456acd539f3df74b3f2ca3ea4661f2,"Preserve: active/unowned catalogue source, evidence or recovery artifact; no safe cleanup ownership established"
"10,000+",artifacts/catalogue-sources/laminex-laminate-benchtops/2348341816a8e5a4c220d18e38fd0db807e950933b57b0db2d63da50d0599a8b.html,11462,ed4cb172ee739b687e038de6059e4c5369292aaa88f6fe3f05153bcd0fcee782,"Preserve: active/unowned catalogue source, evidence or recovery artifact; no safe cleanup ownership established"
"10,000+",artifacts/catalogue-sources/laminex-laminate-benchtops/30fe18523dc1a4dd8da6f5b571a6d797bbff1edeefa4b2b7bba1a5632cd19c9d.html,11307,24e44b93bf1aac416987e3404f248eb16123611706c5766c3c33f6d749baa656,"Preserve: active/unowned catalogue source, evidence or recovery artifact; no safe cleanup ownership established"
"10,000+",data/product-library/catalogues/appliances/AU-WHIRLPOOL-HNC-RANGE.json,11238,38ab1b9a1af75f3b60c89cc97e45545d4041456e029608d1e76f707073cd67d1,"Preserve: active/unowned catalogue source, evidence or recovery artifact; no safe cleanup ownership established"
"10,000+",artifacts/catalogue-sources/laminex-laminate-benchtops/3d2dae669d38cd961530a123238d7e8d835c637cef7177295a74bd9c21ba9846.html,11093,418171096481f67bd6dab38f930c55231b6be795a41393e53d8ce50b7bba33e2,"Preserve: active/unowned catalogue source, evidence or recovery artifact; no safe cleanup ownership established"
"10,000+",artifacts/catalogue-sources/laminex-laminate-benchtops/e59b04e8e6edcfa3bba608bac4a2f74d731d2944fdeb5a6e5aad77515563e669.html,10923,639d3f935cfd705eeca3b5c0dddbe58874fd2def93690b1d4dbf1565dfa386c0,"Preserve: active/unowned catalogue source, evidence or recovery artifact; no safe cleanup ownership established"
"10,000+",artifacts/catalogue-sources/laminex-laminate-benchtops/463b2a91e404d67e722c0b6be3c65beca536d1128a5dcd60b404679ce571fce8.html,10689,5b2ac1d4de762c23bdb9cc528e009ee138707b567392b4b1c9759074634547c5,"Preserve: active/unowned catalogue source, evidence or recovery artifact; no safe cleanup ownership established"
"10,000+",artifacts/catalogue-sources/laminex-laminate-benchtops/d501f48ce24a12ca97db911a33b314706cad7af8a2cf0e7aecb25c8205703b8e.html,10555,7fceb12140aa9a446c916632d84c650a52a018d007c6f4b80d93c48a787f668b,"Preserve: active/unowned catalogue source, evidence or recovery artifact; no safe cleanup ownership established"
"10,000+",artifacts/catalogue-sources/laminex-laminate-benchtops/967aeec6d13e2d39c3dab11300153c11d318cd7d00ccc6d91bc205f41d45d7c4.html,10409,4bf95a941f3e08d9da69af8281d01ac0a5d4952ff236b9ee4ca731de09a40910,"Preserve: active/unowned catalogue source, evidence or recovery artifact; no safe cleanup ownership established"
"10,000+",artifacts/catalogue-sources/laminex-laminate-benchtops/23917cd7e1e202097a09ed90419328c465ffc3f86ae86c13d1f56603e3dd3140.html,10362,207504dafb6c4b08aab4df6e4cfe6c8c0ccdd2e53f2d9fa9d8b82b970216554a,"Preserve: active/unowned catalogue source, evidence or recovery artifact; no safe cleanup ownership established"
"10,000+",artifacts/catalogue-sources/laminex-laminate-benchtops/81c6c1d52d09b20336d2f1005d73e9a7ac83047622d9e95f92e09cf88277bdd6.html,10353,3a1c5e39db7cbeacd0682c1ca3b8302eca923855760aa97f6fc8398718fcc546,"Preserve: active/unowned catalogue source, evidence or recovery artifact; no safe cleanup ownership established"
"10,000+",artifacts/catalogue-sources/laminex-laminate-benchtops/d13484e10a63c5d87e52dde4ea3ead440e31f3d3f96bd216d38382d142fc18c5.html,10349,7f538a1f456e7ab2c9dc4407532993648477db341f48a5c510b07ba183a1debb,"Preserve: active/unowned catalogue source, evidence or recovery artifact; no safe cleanup ownership established"
"10,000+",artifacts/catalogue-sources/laminex-laminate-benchtops/5d69a56a49854878345de4346d72d2d86b54985414ef5358f737631702575c83.html,10343,898484b86e898459ce4711ac15e993b49a7e6ed247696ca3df184196c3eb1caf,"Preserve: active/unowned catalogue source, evidence or recovery artifact; no safe cleanup ownership established"
"10,000+",artifacts/catalogue-sources/laminex-laminate-benchtops/17800ac27ddd49a7f5ab4a2935be4fe8e246b18a5e6bfb3e02f6eea2f497e987.html,10281,8b921171e4be28ae45c527f3bef2f3df3ae6c66b7a15565b9b2ce784bf26e89e,"Preserve: active/unowned catalogue source, evidence or recovery artifact; no safe cleanup ownership established"
"10,000+",artifacts/catalogue-sources/laminex-laminate-benchtops/4bd027c0cca556d951cbecb6c77017f520c3529f09ec3a5341e05a284fd28b4f.html,10281,5282f8a54ea4ed82c554433fd817edd72c5f484e34455016eb465544b0cb3c21,"Preserve: active/unowned catalogue source, evidence or recovery artifact; no safe cleanup ownership established"
"10,000+",artifacts/catalogue-sources/laminex-laminate-benchtops/a7a7369b3fad049bd4af35d13de4980ad8e65c2214f22b1e4d645f40ce733459.html,10281,574b2121237e34bb89e80aa2ca43d0a182f14d3e3b81dd8fdda8cb55b3feb4e7,"Preserve: active/unowned catalogue source, evidence or recovery artifact; no safe cleanup ownership established"
"10,000+",artifacts/catalogue-sources/laminex-laminate-benchtops/b3c4d2064c1ff718167ba63aafe201c1e4590c461e47bb51e9b9121f5b8ec3d7.html,10281,570ef0a1de37b23126454aefa892f7cc44e6b68b62f52435c11c2b1d8a4b17bb,"Preserve: active/unowned catalogue source, evidence or recovery artifact; no safe cleanup ownership established"
"10,000+",artifacts/catalogue-sources/laminex-laminate-benchtops/b4754aecf874847b9ab3d7149e7198d9d48a910f30f26db4b06cc499b6a21181.html,10281,31235e58009d606495c205c1e898822ab3e1b74adaf336ddd0de88bbd6a09b4a,"Preserve: active/unowned catalogue source, evidence or recovery artifact; no safe cleanup ownership established"
"10,000+",artifacts/catalogue-sources/laminex-laminate-benchtops/2a4ce4e5b4df6fa271d09751f9bf7956289a6613ca3a90462b526ac9fcc13a5d.html,10246,d531c6100b78a58bf7636f7e9c341481fbb824cee077a6adeb533bf51661fa7a,"Preserve: active/unowned catalogue source, evidence or recovery artifact; no safe cleanup ownership established"
"10,000+",artifacts/catalogue-sources/laminex-laminate-benchtops/30448b2489937974ca04beb5a22eddf1532347656bc245db26be5620e1de649a.html,10229,86642b4b0c1901adedc1acf848985d879d5311e61bb5c65f78411df2354a9a50,"Preserve: active/unowned catalogue source, evidence or recovery artifact; no safe cleanup ownership established"
"10,000+",artifacts/catalogue-sources/laminex-laminate-benchtops/862ff61fe0a55bc84b263ef1831c3c2fd2e1affdb751da72dcfa8a037cf9710e.html,10229,ca47f79dfd2bbba7d83bb18420b6f283290ef8b00e85fcef3915c29db0632f2f,"Preserve: active/unowned catalogue source, evidence or recovery artifact; no safe cleanup ownership established"
"10,000+",artifacts/catalogue-sources/laminex-laminate-benchtops/5b4f95c80d2652a9d684819e3e968f391d0d5879e8c08687efde88076d7169c1.html,10180,ff013b9746f6eb5e75f5fdf4b54c63b13814c1e83ec49aa058882739d3e09767,"Preserve: active/unowned catalogue source, evidence or recovery artifact; no safe cleanup ownership established"
"5,000-9,999",data/product-library/source-evidence/internal-finishing/trims-before-deduplication.json,8595,13bd5b0db465b19869a7baf4753be3f33c40a033e2e8dc60dcdcb3b7f1ed0769,"Preserve: active/unowned catalogue source, evidence or recovery artifact; no safe cleanup ownership established"
"5,000-9,999",data/product-library/source-evidence/bosch/product-page-verification.json,5989,bc60094cb7e602c64412f9589097220bbc701e03b1a9ebac49d2a9d38f378606,"Preserve: active/unowned catalogue source, evidence or recovery artifact; no safe cleanup ownership established"
"5,000-9,999",data/product-library/source-evidence/lockwood-internal/product-details.json,5869,214265b789631553ba590972d1a09f48f0e5a8f093fe3acfb886f162a3b9051b,"Preserve: active/unowned catalogue source, evidence or recovery artifact; no safe cleanup ownership established"
"5,000-9,999",artifacts/euromaid-hnc-20260916/euromaid-au-sitemap.xml,5786,7c86a76c062aa9a43e7a5f5e962a7e6d227850aec4ee2c5d2a2da1072583c0aa,"Preserve: active/unowned catalogue source, evidence or recovery artifact; no safe cleanup ownership established"
"5,000-9,999",data/product-library/source-evidence/euromaid/hnc-complete-range-2026-09-16/manufacturer-exact-models.json,5303,626495c68560472cabd07e415f6388e8703be7688313cf20d153140229786bf1,"Preserve: active/unowned catalogue source, evidence or recovery artifact; no safe cleanup ownership established"
"5,000-9,999",data/product-library/catalogues/appliances/AU-EUROMAID-HNC-RANGE.json,5301,2706f58aba47828cd59ca34567e24950f54ca69b508e89fe4522c59bb1e7e57e,"Preserve: active/unowned catalogue source, evidence or recovery artifact; no safe cleanup ownership established"
"2,000-4,999",data/product-library/source-evidence/lockwood-internal/rose-door-furniture.json,4619,9684ed33eefc5bece751ce8f3aff52f949dc2b19ccfe6b289457ddc278ed92dc,"Preserve: active/unowned catalogue source, evidence or recovery artifact; no safe cleanup ownership established"
"2,000-4,999",data/product-library/catalogues/benchtops/AU-LAMINEX-LAMINATE-BENCHTOPS.js,4515,cf4f643148c619736d318998727e5de03b3e22455b5567e6e15e94f0dcb37c50,"Preserve: active/unowned catalogue source, evidence or recovery artifact; no safe cleanup ownership established"
"2,000-4,999",data/product-library/catalogues/benchtops/AU-LAMINEX-LAMINATE-BENCHTOPS.json,4512,efb5fe6d823e469afaa11b9b073d1a5a40aaecc2c0076add7549a372cc737fa1,"Preserve: active/unowned catalogue source, evidence or recovery artifact; no safe cleanup ownership established"
"2,000-4,999",data/product-library/catalogues/appliances/AU-OMEGA-APPLIANCE-RANGE.json,4236,799cb8a474a8c48a6fd86a0ea4319278633f04ee83e9f6639eab5f199777118e,"Preserve: active/unowned catalogue source, evidence or recovery artifact; no safe cleanup ownership established"
"2,000-4,999",artifacts/catalogue/whirlpool-hnc-20260916/manufacturer-wdfs3r4pbsau.html,3761,9f237c25553316979fd8a06e63a4b53ccb8d576aa6c2c09c39cf783dab60ab9a,"Preserve: active/unowned catalogue source, evidence or recovery artifact; no safe cleanup ownership established"
"2,000-4,999",data/product-library/catalogues/appliances/AU-BOSCH-APPLIANCE-RANGE.json,3731,8cb51e056379e0a2f2532e376fb4e57a95c7effee11b96ad5aede07364c4460f,"Preserve: active/unowned catalogue source, evidence or recovery artifact; no safe cleanup ownership established"
"2,000-4,999",artifacts/catalogue/whirlpool-hnc-20260916/manufacturer-wdfs3r4nixau.html,3698,64370ed38ff29f89c400dec7da5c99746940f9652c74594bc206c0aaa21a7d1e,"Preserve: active/unowned catalogue source, evidence or recovery artifact; no safe cleanup ownership established"
"2,000-4,999",data/product-library/catalogues/appliances/AU-APPLIANCE-PACKS.SAFETY-20260916-123112.json,3672,56591537b4e30c7b22238e932d5c915c571d3a10c09ef263634789d6f743bcfa,"Preserve: active/unowned catalogue source, evidence or recovery artifact; no safe cleanup ownership established"
"2,000-4,999",data/product-library/source-evidence/benchtops/polytec-laminate-source-manifest.json,3574,4e80f36b84574266e58557d66e1515449448e10f78b77dfa8e45341172706910,"Preserve: active/unowned catalogue source, evidence or recovery artifact; no safe cleanup ownership established"
"2,000-4,999",artifacts/catalogue/whirlpool-hnc-20260916/manufacturer-wdfs3r4nbsau.html,3412,0ce7a9cdeac27d3fcb64bba7407bb60fd2eeea5283a1254f183bd42abb177a5b,"Preserve: active/unowned catalogue source, evidence or recovery artifact; no safe cleanup ownership established"
"2,000-4,999",artifacts/catalogue/whirlpool-hnc-20260916/manufacturer-wie2c19ausa.html,3406,94fe8d095e6875937d40cde6e054fa08e8528eebe1b3d97f80dc22b8de4e148b,"Preserve: active/unowned catalogue source, evidence or recovery artifact; no safe cleanup ownership established"
"2,000-4,999",artifacts/catalogue/whirlpool-hnc-20260916/manufacturer-wt9btabc.html,3359,5338bada8d2af7c8f2e6d84ace2daa52ee51f7e115ff59c3315c3e842b68b16f,"Preserve: active/unowned catalogue source, evidence or recovery artifact; no safe cleanup ownership established"
"2,000-4,999",artifacts/catalogue/whirlpool-hnc-20260916/manufacturer-w4omk581ru1ba.html,3356,ce3ab7eca212cf895ce164561bbc606af5b10ef0763e692f70a9ffb6b1ffc5b9,"Preserve: active/unowned catalogue source, evidence or recovery artifact; no safe cleanup ownership established"
"2,000-4,999",artifacts/catalogue/whirlpool-hnc-20260916/manufacturer-w4omk381hu0ba.html,3352,eddd848667eb20c8d256cf8fbd37288293aa964b89623bfa82ff44cd974ff21d,"Preserve: active/unowned catalogue source, evidence or recovery artifact; no safe cleanup ownership established"
"2,000-4,999",artifacts/catalogue/whirlpool-hnc-20260916/manufacturer-wmh9900blaus.html,3346,9bf6b254ffec2a4d92d57a902492c1f13c3be8f8e800ced641803d53609a16ef,"Preserve: active/unowned catalogue source, evidence or recovery artifact; no safe cleanup ownership established"
"2,000-4,999",artifacts/catalogue/whirlpool-hnc-20260916/manufacturer-w4omsk581ru1sba.html,3344,c2bdda0644aabf6bafbc21acfaf29f3bd603db9d4a0815ca432a52f9d162fd6e,"Preserve: active/unowned catalogue source, evidence or recovery artifact; no safe cleanup ownership established"
"2,000-4,999",artifacts/catalogue/whirlpool-hnc-20260916/manufacturer-w3omk55hr0xc.html,3340,f8f3905c7b12bfbe303e5563c332483d75deee78ab45198a6f376524df31687d,"Preserve: active/unowned catalogue source, evidence or recovery artifact; no safe cleanup ownership established"
"2,000-4,999",artifacts/catalogue/whirlpool-hnc-20260916/manufacturer-w3omk55hr0bc.html,3338,69af16066a56e798a1b56dff1ec374ad623e31aae3a55ef14918b98392371aa5,"Preserve: active/unowned catalogue source, evidence or recovery artifact; no safe cleanup ownership established"
"2,000-4,999",artifacts/catalogue/whirlpool-hnc-20260916/manufacturer-wmp9170blaus.html,3337,635417508221d749f9140fd48e5c00989545a891185934c2b67df56c1756585f,"Preserve: active/unowned catalogue source, evidence or recovery artifact; no safe cleanup ownership established"
"2,000-4,999",artifacts/catalogue/whirlpool-hnc-20260916/manufacturer-wt9btaxa.html,3311,39439b89615f3a0669237c2592b01b87db387f628f33bb856dbbba36b3aca2e1,"Preserve: active/unowned catalogue source, evidence or recovery artifact; no safe cleanup ownership established"
"2,000-4,999",artifacts/catalogue/whirlpool-hnc-20260916/manufacturer-w4omk581ru1xa.html,3306,7f24c7a6c517db4ecd42cb4fe4a5dba338bd95c4d26691b1eaac636cb300a982,"Preserve: active/unowned catalogue source, evidence or recovery artifact; no safe cleanup ownership established"
"2,000-4,999",artifacts/catalogue/whirlpool-hnc-20260916/manufacturer-hwec8002iw.html,3298,79e701b7ad252a61dc3c0bba86dbe94c4f8e8e4e6e7f94205a93c1da200b7fe4,"Preserve: active/unowned catalogue source, evidence or recovery artifact; no safe cleanup ownership established"
"2,000-4,999",artifacts/catalogue/whirlpool-hnc-20260916/manufacturer-wdfs3i4pbsau.html,3290,2d06632e39db143fbbee0aa2e49b6a6666da03e8d149630d9495d4ab16238cff,"Preserve: active/unowned catalogue source, evidence or recovery artifact; no safe cleanup ownership established"
"2,000-4,999",artifacts/catalogue/whirlpool-hnc-20260916/manufacturer-akc640ixoc.html,3285,d6e11c0e928896df5679e0371a0b4bb2c122a95545b6d9b3e5211775bd587550,"Preserve: active/unowned catalogue source, evidence or recovery artifact; no safe cleanup ownership established"
"2,000-4,999",artifacts/catalogue/whirlpool-hnc-20260916/manufacturer-akc950cixoc.html,3285,e9d8f1a14ec2337681561614902496c348adfbc40fd6292e070d369d1340c55c,"Preserve: active/unowned catalogue source, evidence or recovery artifact; no safe cleanup ownership established"
"2,000-4,999",artifacts/catalogue/whirlpool-hnc-20260916/manufacturer-iwhh9050cc.html,3273,06da509e1e136cc391ae94fa3087a143bf7b5ce20ad5165e3e467f93e83b83bd,"Preserve: active/unowned catalogue source, evidence or recovery artifact; no safe cleanup ownership established"
"2,000-4,999",artifacts/catalogue/whirlpool-hnc-20260916/manufacturer-wrt6140aus.html,3253,2d97ee47f730e48ee0e3020a90b0e6cfce4b1b56ff1e179971dd65efa71cad26,"Preserve: active/unowned catalogue source, evidence or recovery artifact; no safe cleanup ownership established"
"2,000-4,999",artifacts/catalogue/whirlpool-hnc-20260916/manufacturer-wdfs3r4pixau.html,3240,b537eed01063aa92e483d8464555ab14b9c0b58b874737045c8c3f11a2137c1d,"Preserve: active/unowned catalogue source, evidence or recovery artifact; no safe cleanup ownership established"
"2,000-4,999",artifacts/catalogue/whirlpool-hnc-20260916/manufacturer-wdfs3r4nweau.html,3229,91f3384c0a636f76c9af5924bfaab371a694b58953d911c89c5c0d54dfaad167,"Preserve: active/unowned catalogue source, evidence or recovery artifact; no safe cleanup ownership established"
"2,000-4,999",artifacts/catalogue/whirlpool-hnc-20260916/manufacturer-wdfs3r4obsau.html,3203,a986a1ba1e61114ec1badd27a2e80b5a125eceb4543df9f9819430087b39f1f3,"Preserve: active/unowned catalogue source, evidence or recovery artifact; no safe cleanup ownership established"
"2,000-4,999",artifacts/catalogue/whirlpool-hnc-20260916/manufacturer-wdfs3r4oixau.html,3201,ace24240521c9f61098d2e84b673f6d87eac3f9e0dbf2c75735826cea82f95f2,"Preserve: active/unowned catalogue source, evidence or recovery artifact; no safe cleanup ownership established"
"2,000-4,999",artifacts/catalogue/whirlpool-hnc-20260916/manufacturer-vwed1202ig.html,3190,68619ad4ed2701a4994fcdfb0a64af1013e797fd18827ae32466880a458ae389,"Preserve: active/unowned catalogue source, evidence or recovery artifact; no safe cleanup ownership established"
"2,000-4,999",data/catalogue/raw/tmp-stoneambassador.html,3183,5c33eeddf6a48e15ee765b3a6a8c6e51b7ebb45787f3679bc91298b4be21dd18,"Preserve: active/unowned catalogue source, evidence or recovery artifact; no safe cleanup ownership established"
"2,000-4,999",artifacts/catalogue/whirlpool-hnc-20260916/manufacturer-fweb9012iw.html,3176,4833ca3366a8519fc01cf6232e6f3125f4b02658d5cd3e37ec4c65ce11612a2e,"Preserve: active/unowned catalogue source, evidence or recovery artifact; no safe cleanup ownership established"
"2,000-4,999",artifacts/catalogue/whirlpool-hnc-20260916/manufacturer-w4omk581hu1baus.html,3159,5d975316b5c3cfbef844425969243956a10369dd7253ad22828c45e658fc75d3,"Preserve: active/unowned catalogue source, evidence or recovery artifact; no safe cleanup ownership established"
"2,000-4,999",artifacts/catalogue/whirlpool-hnc-20260916/manufacturer-w4omk581hu1xa.html,3158,2662efe784e9d2d87b4a0879df323facbc070ace745f7e5a2ff32790b692e6cb,"Preserve: active/unowned catalogue source, evidence or recovery artifact; no safe cleanup ownership established"
"2,000-4,999",artifacts/catalogue/whirlpool-hnc-20260916/manufacturer-vwhd1502ig.html,3144,889a82da49b357b317cbd690e7187ca894a567800308d7a5672bf41676bb7256,"Preserve: active/unowned catalogue source, evidence or recovery artifact; no safe cleanup ownership established"
"2,000-4,999",artifacts/catalogue/whirlpool-hnc-20260916/manufacturer-w6ompbsoc.html,3091,775284a2febfc739bbc32aef073bab83a65214f53b10d5794688616f1b843ee7,"Preserve: active/unowned catalogue source, evidence or recovery artifact; no safe cleanup ownership established"
"2,000-4,999",artifacts/catalogue/whirlpool-hnc-20260916/manufacturer-wio3033pelaus.html,3074,66adf80852d4f962acdf0e63ff8060ea27db95f51b386cbbd921b08af1e32265,"Preserve: active/unowned catalogue source, evidence or recovery artifact; no safe cleanup ownership established"
"2,000-4,999",artifacts/catalogue/whirlpool-hnc-20260916/manufacturer-wrt9350au.html,3054,53fb625e34d86b352118a304a2609ddaa5c820ad45d997dbb83bacbdad0dc20d,"Preserve: active/unowned catalogue source, evidence or recovery artifact; no safe cleanup ownership established"
"2,000-4,999",artifacts/catalogue/whirlpool-hnc-20260916/manufacturer-wwpb8502iw.html,3050,98c6b925c386d8752a6871a6ac2edea1e29fe6ab2b51cfb428747b5bb9f8734b,"Preserve: active/unowned catalogue source, evidence or recovery artifact; no safe cleanup ownership established"
"2,000-4,999",artifacts/catalogue/whirlpool-hnc-20260916/manufacturer-wrk6140aus.html,3018,ef3a377410b73087e4e632e09c3e91c9616acae66f001a89931dc94f7abbc5e4,"Preserve: active/unowned catalogue source, evidence or recovery artifact; no safe cleanup ownership established"
"2,000-4,999",cgd.html,2988,3f077016077f163b6f9b0447c68b11354da64e8ae16670e11a99b8e26c82dbd0,"Preserve: active/unowned catalogue source, evidence or recovery artifact; no safe cleanup ownership established"
"2,000-4,999",artifacts/catalogue/whirlpool-hnc-20260916/manufacturer-gmwl758ixlaus.html,2910,74ccbc9dff1e5f5daa805666b1a30c805f507b2f5911834c07bb1e049ad01c1f,"Preserve: active/unowned catalogue source, evidence or recovery artifact; no safe cleanup ownership established"
"2,000-4,999",artifacts/catalogue/whirlpool-hnc-20260916/manufacturer-iwsh9051caus.html,2899,56c2d751ec335390caffd08f765f86b6c6213fa8b9578cd228f951dada0e4c05,"Preserve: active/unowned catalogue source, evidence or recovery artifact; no safe cleanup ownership established"
"2,000-4,999",artifacts/catalogue/whirlpool-hnc-20260916/manufacturer-ws8865nep.html,2880,cb14fa56c636d7e327b5a63ed9e4db8d8717e1116bd3d3ed84a0f30bce27c65b,"Preserve: active/unowned catalogue source, evidence or recovery artifact; no safe cleanup ownership established"
"2,000-4,999",artifacts/catalogue/whirlpool-hnc-20260916/manufacturer-iwsh6041caus.html,2875,dce2f39a8bbc7a77faf633b421a2c6e5b272e35112ea3ef40efbada53dbd48ee,"Preserve: active/unowned catalogue source, evidence or recovery artifact; no safe cleanup ownership established"
"2,000-4,999",artifacts/catalogue/whirlpool-hnc-20260916/manufacturer-wmf250gaus.html,2864,7e66f2a31152122b15d171a5018fb9eb4aac379e54333bb104a4b999f82337e3,"Preserve: active/unowned catalogue source, evidence or recovery artifact; no safe cleanup ownership established"
"2,000-4,999",artifacts/catalogue/whirlpool-hnc-20260916/manufacturer-w4omk381hu0xa.html,2843,24b6c4e80b0f76010a8fc5b9a6ac8605632d656cccaad57fe873996d243b90de,"Preserve: active/unowned catalogue source, evidence or recovery artifact; no safe cleanup ownership established"
"2,000-4,999",artifacts/catalogue/whirlpool-hnc-20260916/manufacturer-w7mwblaus.html,2788,9388729e2bb5b93bca96a6d70e7902fce903ab336a8fd6a2d7ae6971165a97ed,"Preserve: active/unowned catalogue source, evidence or recovery artifact; no safe cleanup ownership established"
"2,000-4,999",data/product-library/source-evidence/euromaid/hnc-complete-range-2026-09-16/listing-page-1.json,2778,1bdde190917c964fd6d9705ba2b54843fe4f44067e97d5d6a977424e88617329,"Preserve: active/unowned catalogue source, evidence or recovery artifact; no safe cleanup ownership established"
"2,000-4,999",artifacts/catalogue/whirlpool-hnc-20260916/manufacturer-home.html,2696,2dc7708815ae09dd675034a51e3ca71781aff623dbb4e55d08f5c186753c6ba0,"Preserve: active/unowned catalogue source, evidence or recovery artifact; no safe cleanup ownership established"
"2,000-4,999",data/product-library/source-evidence/stair-workflow/stairs-gallery.json,2575,13b09a6a19380ca8cf441feb29e79124e5477ba888bcac7a7b9484b283409d5c,"Preserve: active/unowned catalogue source, evidence or recovery artifact; no safe cleanup ownership established"
"2,000-4,999",data/product-library/source-evidence/internal-finishing/corinthian-front-candidates.json,2364,74100abffe0f7a862906b28d7111e989c7bc40f625b8375503e119d51f40bbd8,"Preserve: active/unowned catalogue source, evidence or recovery artifact; no safe cleanup ownership established"
"2,000-4,999",cg-translucent-garage-doors.html,2323,ae089548e6091e5cd8e2434e3d0965c3df330107a60e76c294fdec141c47d7d5,"Preserve: active/unowned catalogue source, evidence or recovery artifact; no safe cleanup ownership established"
"2,000-4,999",cg-aluminium-composite-garage-doors.html,2240,4fe6e27f9f3d39b51666c312c02abbd40008384925f8bab8762650c99ecbbe5c,"Preserve: active/unowned catalogue source, evidence or recovery artifact; no safe cleanup ownership established"
"2,000-4,999",cg-urban-series.html,2228,8cdd66ae19590bea71736af21dd55666099f13693b51453077d23605f841dabb,"Preserve: active/unowned catalogue source, evidence or recovery artifact; no safe cleanup ownership established"
"2,000-4,999",cg2.html,2228,8cdd66ae19590bea71736af21dd55666099f13693b51453077d23605f841dabb,"Preserve: active/unowned catalogue source, evidence or recovery artifact; no safe cleanup ownership established"
"2,000-4,999",cg-timber-look.html,2091,0026f848771d9e6e6ebbf0e9718f6867b8c1a0ccabf3596d3b19e043136fbcdc,"Preserve: active/unowned catalogue source, evidence or recovery artifact; no safe cleanup ownership established"
"2,000-4,999",artifacts/euromaid-hnc-20260916/euromaid-enau.txt,2088,b4cd2b260b06b7868e516e9f3dc523157e41c91f4e9e928400eb4bf9237927bf,"Preserve: active/unowned catalogue source, evidence or recovery artifact; no safe cleanup ownership established"
"2,000-4,999",data/product-library/source-evidence/euromaid/hnc-cooktop-range-2026-09-11.json,2064,62120d987daf0e893b5d919e08a1061dddcf2a56fa902b4fa161620ecf13daef,"Preserve: active/unowned catalogue source, evidence or recovery artifact; no safe cleanup ownership established"
"2,000-4,999",bnd.html,2045,d25d6367ba743441e9568f1f0f83714c0004c20469c340126d3ee1514bfa94cc,"Preserve: active/unowned catalogue source, evidence or recovery artifact; no safe cleanup ownership established"
"2,000-4,999",cg-range.html,2041,e12ab3d2c7132a2a82bf773f81c75fc390c4c5fe4f8eb8c169b5c31b95022456,"Preserve: active/unowned catalogue source, evidence or recovery artifact; no safe cleanup ownership established"
