Description,Price
CABINETRY,
,
,
KITCHEN CABINETRY,
,
STANDARD COLOURBOARD,
1 door base unit - 600mm,850
2 door base unit - 1200mm,1150
Sink base cabinet,1250
Underbench oven cabinet,1050
Corner base cabinet,1500
Dishwasher cabinet,750
Microwave cabinet,950
Pull-out bin cabinet,1350
2 drawer pot drawer base,1650
3 drawer pot drawer base - 1 small + 2 large,1850
4 drawer base unit,1900
5 drawer base unit,2100
Hidden internal drawer,250
Overhead cabinet - 1 door - standard height,750
Overhead cabinet - 2 door - standard height,950
Overhead cabinet - 1 door - extended height,850
Overhead cabinet - 2 door - extended height,1050
Rangehood cabinet,1050
Tall pantry cabinet - 1 door - 600mm - 5 shelves,1800
Tall pantry cabinet - 2 door - 1200mm - 5 shelves,2300
Tall oven tower cabinet - 600mm,1800
MDF bulkhead - 300mm - LM,220
MDF bulkhead - 450mm - LM,290
Sharkfin handle upgrade - per unit,30.0
Recessed rail upgrade - per unit,45.0
Wine rack cabinet,1100
Cleated shelving module,475
Floating shelf module,700
Open shelving module,550
,
,
PREMIUM LAMINATE,
1 door base unit - 600mm,975
2 door base unit - 1200mm,1320
Sink base cabinet,1440
Underbench oven cabinet,1210
Corner base cabinet,1725
Dishwasher cabinet,860
Microwave cabinet,1090
Pull-out bin cabinet,1550
2 drawer pot drawer base,1895
3 drawer pot drawer base - 1 small + 2 large,2130
4 drawer base unit,2185
5 drawer base unit,2415
Hidden internal drawer,290
Overhead cabinet - 1 door - standard height,860
Overhead cabinet - 2 door - standard height,1090
Overhead cabinet - 1 door - extended height,975
Overhead cabinet - 2 door - extended height,1210
Rangehood cabinet,1210
Tall pantry cabinet - 1 door - 600mm - 5 shelves,2070
Tall pantry cabinet - 2 door - 1200mm - 5 shelves,2645
Tall oven tower cabinet - 600mm,2070
MDF bulkhead - 300mm - LM,255
MDF bulkhead - 450mm - LM,335
Sharkfin handle upgrade - per unit,34.5
Recessed rail upgrade - per unit,51.75
Wine rack cabinet,1265
Cleated shelving module,545
Floating shelf module,805
Open shelving module,630
,
,
2 PACK,
1 door base unit - 600mm,1150
2 door base unit - 1200mm,1550
Sink base cabinet,1690
Underbench oven cabinet,1420
Corner base cabinet,2025
Dishwasher cabinet,1015
Microwave cabinet,1280
Pull-out bin cabinet,1825
2 drawer pot drawer base,2230
3 drawer pot drawer base - 1 small + 2 large,2500
4 drawer base unit,2565
5 drawer base unit,2835
Hidden internal drawer,340
Overhead cabinet - 1 door - standard height,1015
Overhead cabinet - 2 door - standard height,1280
Overhead cabinet - 1 door - extended height,1150
Overhead cabinet - 2 door - extended height,1420
Rangehood cabinet,1420
Tall pantry cabinet - 1 door - 600mm - 5 shelves,2430
Tall pantry cabinet - 2 door - 1200mm - 5 shelves,3105
Tall oven tower cabinet - 600mm,2430
MDF bulkhead - 300mm - LM,295
MDF bulkhead - 450mm - LM,390
Sharkfin handle upgrade - per unit,40.5
Recessed rail upgrade - per unit,60.75
Wine rack cabinet,1485
Cleated shelving module,640
Floating shelf module,945
Open shelving module,740
,
,
SHAKER STYLE,
1 door base unit - 600mm,1275
2 door base unit - 1200mm,1725
Sink base cabinet,1875
Underbench oven cabinet,1575
Corner base cabinet,2250
Dishwasher cabinet,1125
Microwave cabinet,1425
Pull-out bin cabinet,2025
2 drawer pot drawer base,2475
3 drawer pot drawer base - 1 small + 2 large,2775
4 drawer base unit,2850
5 drawer base unit,3150
Hidden internal drawer,375
Overhead cabinet - 1 door - standard height,1125
Overhead cabinet - 2 door - standard height,1425
Overhead cabinet - 1 door - extended height,1275
Overhead cabinet - 2 door - extended height,1575
Rangehood cabinet,1575
Tall pantry cabinet - 1 door - 600mm - 5 shelves,2700
Tall pantry cabinet - 2 door - 1200mm - 5 shelves,3450
Tall oven tower cabinet - 600mm,2700
MDF bulkhead - 300mm - LM,330
MDF bulkhead - 450mm - LM,435
Sharkfin handle upgrade - per unit,45.0
Recessed rail upgrade - per unit,67.5
Wine rack cabinet,1650
Cleated shelving module,710
Floating shelf module,1050
Open shelving module,825
,
,
VINYL WRAP,
1 door base unit - 600mm,1005
2 door base unit - 1200mm,1355
Sink base cabinet,1475
Underbench oven cabinet,1240
Corner base cabinet,1770
Dishwasher cabinet,885
Microwave cabinet,1120
Pull-out bin cabinet,1595
2 drawer pot drawer base,1945
3 drawer pot drawer base - 1 small + 2 large,2185
4 drawer base unit,2240
5 drawer base unit,2480
Hidden internal drawer,295
Overhead cabinet - 1 door - standard height,885
Overhead cabinet - 2 door - standard height,1120
Overhead cabinet - 1 door - extended height,1005
Overhead cabinet - 2 door - extended height,1240
Rangehood cabinet,1240
Tall pantry cabinet - 1 door - 600mm - 5 shelves,2125
Tall pantry cabinet - 2 door - 1200mm - 5 shelves,2715
Tall oven tower cabinet - 600mm,2125
MDF bulkhead - 300mm - LM,260
MDF bulkhead - 450mm - LM,340
Sharkfin handle upgrade - per unit,35.4
Recessed rail upgrade - per unit,53.1
Wine rack cabinet,1300
Cleated shelving module,560
Floating shelf module,825
Open shelving module,650
,
,
BUTLER'S PANTRY CABINETRY,
,
STANDARD COLOURBOARD,
1 door base unit - 600mm,850
2 door base unit - 1200mm,1150
Sink base cabinet,1250
Corner base cabinet,1500
Dishwasher cabinet,750
Microwave cabinet,950
Pull-out bin cabinet,1350
2 drawer pot drawer base,1650
3 drawer pot drawer base - 1 small + 2 large,1850
4 drawer base unit,1900
5 drawer base unit,2100
Hidden internal drawer,250
Overhead cabinet - 1 door - standard height,750
Overhead cabinet - 2 door - standard height,950
Overhead cabinet - 1 door - extended height,850
Overhead cabinet - 2 door - extended height,1050
Rangehood cabinet,1050
Tall pantry cabinet - 1 door - 600mm - 5 shelves,1800
Tall pantry cabinet - 2 door - 1200mm - 5 shelves,2300
MDF bulkhead - 300mm - LM,220
MDF bulkhead - 450mm - LM,290
Sharkfin handle upgrade - per unit,30.0
Recessed rail upgrade - per unit,45.0
Wine rack cabinet,1100
Cleated shelving module,475
Floating shelf module,700
Open shelving module,550
,
,
PREMIUM LAMINATE,
1 door base unit - 600mm,975
2 door base unit - 1200mm,1320
Sink base cabinet,1440
Corner base cabinet,1725
Dishwasher cabinet,860
Microwave cabinet,1090
Pull-out bin cabinet,1550
2 drawer pot drawer base,1895
3 drawer pot drawer base - 1 small + 2 large,2130
4 drawer base unit,2185
5 drawer base unit,2415
Hidden internal drawer,290
Overhead cabinet - 1 door - standard height,860
Overhead cabinet - 2 door - standard height,1090
Overhead cabinet - 1 door - extended height,975
Overhead cabinet - 2 door - extended height,1210
Rangehood cabinet,1210
Tall pantry cabinet - 1 door - 600mm - 5 shelves,2070
Tall pantry cabinet - 2 door - 1200mm - 5 shelves,2645
MDF bulkhead - 300mm - LM,255
MDF bulkhead - 450mm - LM,335
Sharkfin handle upgrade - per unit,34.5
Recessed rail upgrade - per unit,51.75
Wine rack cabinet,1265
Cleated shelving module,545
Floating shelf module,805
Open shelving module,630
,
,
2 PACK,
1 door base unit - 600mm,1150
2 door base unit - 1200mm,1550
Sink base cabinet,1690
Corner base cabinet,2025
Dishwasher cabinet,1015
Microwave cabinet,1280
Pull-out bin cabinet,1825
2 drawer pot drawer base,2230
3 drawer pot drawer base - 1 small + 2 large,2500
4 drawer base unit,2565
5 drawer base unit,2835
Hidden internal drawer,340
Overhead cabinet - 1 door - standard height,1015
Overhead cabinet - 2 door - standard height,1280
Overhead cabinet - 1 door - extended height,1150
Overhead cabinet - 2 door - extended height,1420
Rangehood cabinet,1420
Tall pantry cabinet - 1 door - 600mm - 5 shelves,2430
Tall pantry cabinet - 2 door - 1200mm - 5 shelves,3105
MDF bulkhead - 300mm - LM,295
MDF bulkhead - 450mm - LM,390
Sharkfin handle upgrade - per unit,40.5
Recessed rail upgrade - per unit,60.75
Wine rack cabinet,1485
Cleated shelving module,640
Floating shelf module,945
Open shelving module,740
,
,
SHAKER STYLE,
1 door base unit - 600mm,1275
2 door base unit - 1200mm,1725
Sink base cabinet,1875
Corner base cabinet,2250
Dishwasher cabinet,1125
Microwave cabinet,1425
Pull-out bin cabinet,2025
2 drawer pot drawer base,2475
3 drawer pot drawer base - 1 small + 2 large,2775
4 drawer base unit,2850
5 drawer base unit,3150
Hidden internal drawer,375
Overhead cabinet - 1 door - standard height,1125
Overhead cabinet - 2 door - standard height,1425
Overhead cabinet - 1 door - extended height,1275
Overhead cabinet - 2 door - extended height,1575
Rangehood cabinet,1575
Tall pantry cabinet - 1 door - 600mm - 5 shelves,2700
Tall pantry cabinet - 2 door - 1200mm - 5 shelves,3450
MDF bulkhead - 300mm - LM,330
MDF bulkhead - 450mm - LM,435
Sharkfin handle upgrade - per unit,45.0
Recessed rail upgrade - per unit,67.5
Wine rack cabinet,1650
Cleated shelving module,710
Floating shelf module,1050
Open shelving module,825
,
,
VINYL WRAP,
1 door base unit - 600mm,1005
2 door base unit - 1200mm,1355
Sink base cabinet,1475
Corner base cabinet,1770
Dishwasher cabinet,885
Microwave cabinet,1120
Pull-out bin cabinet,1595
2 drawer pot drawer base,1945
3 drawer pot drawer base - 1 small + 2 large,2185
4 drawer base unit,2240
5 drawer base unit,2480
Hidden internal drawer,295
Overhead cabinet - 1 door - standard height,885
Overhead cabinet - 2 door - standard height,1120
Overhead cabinet - 1 door - extended height,1005
Overhead cabinet - 2 door - extended height,1240
Rangehood cabinet,1240
Tall pantry cabinet - 1 door - 600mm - 5 shelves,2125
Tall pantry cabinet - 2 door - 1200mm - 5 shelves,2715
MDF bulkhead - 300mm - LM,260
MDF bulkhead - 450mm - LM,340
Sharkfin handle upgrade - per unit,35.4
Recessed rail upgrade - per unit,53.1
Wine rack cabinet,1300
Cleated shelving module,560
Floating shelf module,825
Open shelving module,650
,
,
LAUNDRY CABINETRY,
,
STANDARD COLOURBOARD,
1 door base unit - 600mm,850
2 door base unit - 1200mm,1150
Laundry sink cabinet,1250
Corner base cabinet,1500
Pull-out bin cabinet,1350
Washer / dryer opening with end panels,475
Overhead cabinet - 1 door - standard height,750
Overhead cabinet - 2 door - standard height,950
Overhead cabinet - 1 door - extended height,850
Overhead cabinet - 2 door - extended height,1050
Tall linen cabinet - 1 door - 600mm,1800
Tall linen cabinet - 2 door - 1200mm,2300
MDF bulkhead - 300mm - LM,220
MDF bulkhead - 450mm - LM,290
Cleated shelving module,475
Floating shelf module,700
Open shelving module,550
,
,
PREMIUM LAMINATE,
1 door base unit - 600mm,975
2 door base unit - 1200mm,1320
Laundry sink cabinet,1440
Corner base cabinet,1725
Pull-out bin cabinet,1550
Washer / dryer opening with end panels,545
Overhead cabinet - 1 door - standard height,860
Overhead cabinet - 2 door - standard height,1090
Overhead cabinet - 1 door - extended height,975
Overhead cabinet - 2 door - extended height,1210
Tall linen cabinet - 1 door - 600mm,2070
Tall linen cabinet - 2 door - 1200mm,2645
MDF bulkhead - 300mm - LM,255
MDF bulkhead - 450mm - LM,335
Cleated shelving module,545
Floating shelf module,805
Open shelving module,630
,
,
2 PACK,
1 door base unit - 600mm,1150
2 door base unit - 1200mm,1550
Laundry sink cabinet,1690
Corner base cabinet,2025
Pull-out bin cabinet,1825
Washer / dryer opening with end panels,640
Overhead cabinet - 1 door - standard height,1015
Overhead cabinet - 2 door - standard height,1280
Overhead cabinet - 1 door - extended height,1150
Overhead cabinet - 2 door - extended height,1420
Tall linen cabinet - 1 door - 600mm,2430
Tall linen cabinet - 2 door - 1200mm,3105
MDF bulkhead - 300mm - LM,295
MDF bulkhead - 450mm - LM,390
Cleated shelving module,640
Floating shelf module,945
Open shelving module,740
,
,
SHAKER STYLE,
1 door base unit - 600mm,1275
2 door base unit - 1200mm,1725
Laundry sink cabinet,1875
Corner base cabinet,2250
Pull-out bin cabinet,2025
Washer / dryer opening with end panels,710
Overhead cabinet - 1 door - standard height,1125
Overhead cabinet - 2 door - standard height,1425
Overhead cabinet - 1 door - extended height,1275
Overhead cabinet - 2 door - extended height,1575
Tall linen cabinet - 1 door - 600mm,2700
Tall linen cabinet - 2 door - 1200mm,3450
MDF bulkhead - 300mm - LM,330
MDF bulkhead - 450mm - LM,435
Cleated shelving module,710
Floating shelf module,1050
Open shelving module,825
,
,
VINYL WRAP,
1 door base unit - 600mm,1005
2 door base unit - 1200mm,1355
Laundry sink cabinet,1475
Corner base cabinet,1770
Pull-out bin cabinet,1595
Washer / dryer opening with end panels,560
Overhead cabinet - 1 door - standard height,885
Overhead cabinet - 2 door - standard height,1120
Overhead cabinet - 1 door - extended height,1005
Overhead cabinet - 2 door - extended height,1240
Tall linen cabinet - 1 door - 600mm,2125
Tall linen cabinet - 2 door - 1200mm,2715
MDF bulkhead - 300mm - LM,260
MDF bulkhead - 450mm - LM,340
Cleated shelving module,560
Floating shelf module,825
Open shelving module,650
,
,
BATHROOM / ENSUITE / POWDER ROOM CABINETRY,
,
STANDARD COLOURBOARD,
Floor mounted vanity - 1 door - 600mm,950
Floor mounted vanity - 2 door - 1200mm,1450
Floor mounted vanity - 2 drawer - 600mm,1350
Floor mounted vanity - 2 drawer - 750mm,1450
Floor mounted vanity - 3 drawer - 900mm,1750
Floor mounted vanity - 3 drawer - 1200mm,1950
Wall hung vanity - 1 door - 600mm,1100
Wall hung vanity - 2 door - 1200mm,1600
Wall hung vanity - 2 drawer - 750mm,1550
Wall hung vanity - 3 drawer - 900mm,1850
Wall hung vanity - 3 drawer - 1200mm,2100
Wall hung vanity with open towel shelf - 1200mm,2250
Mirrored shaving cabinet - 1 door - 600mm,850
Mirrored shaving cabinet - 2 door - 1200mm,1350
Tall linen cabinet - 1 door - 600mm,1800
Tall linen cabinet - 2 door - 1200mm,2300
Open towel shelf / module,650
MDF bulkhead - 300mm - LM,220
MDF bulkhead - 450mm - LM,290
,
,
PREMIUM LAMINATE,
Floor mounted vanity - 1 door - 600mm,1090
Floor mounted vanity - 2 door - 1200mm,1665
Floor mounted vanity - 2 drawer - 600mm,1550
Floor mounted vanity - 2 drawer - 750mm,1665
Floor mounted vanity - 3 drawer - 900mm,2010
Floor mounted vanity - 3 drawer - 1200mm,2240
Wall hung vanity - 1 door - 600mm,1265
Wall hung vanity - 2 door - 1200mm,1840
Wall hung vanity - 2 drawer - 750mm,1780
Wall hung vanity - 3 drawer - 900mm,2130
Wall hung vanity - 3 drawer - 1200mm,2415
Wall hung vanity with open towel shelf - 1200mm,2590
Mirrored shaving cabinet - 1 door - 600mm,975
Mirrored shaving cabinet - 2 door - 1200mm,1550
Tall linen cabinet - 1 door - 600mm,2070
Tall linen cabinet - 2 door - 1200mm,2645
Open towel shelf / module,745
MDF bulkhead - 300mm - LM,255
MDF bulkhead - 450mm - LM,335
,
,
2 PACK,
Floor mounted vanity - 1 door - 600mm,1280
Floor mounted vanity - 2 door - 1200mm,1960
Floor mounted vanity - 2 drawer - 600mm,1825
Floor mounted vanity - 2 drawer - 750mm,1960
Floor mounted vanity - 3 drawer - 900mm,2360
Floor mounted vanity - 3 drawer - 1200mm,2630
Wall hung vanity - 1 door - 600mm,1485
Wall hung vanity - 2 door - 1200mm,2160
Wall hung vanity - 2 drawer - 750mm,2090
Wall hung vanity - 3 drawer - 900mm,2500
Wall hung vanity - 3 drawer - 1200mm,2835
Wall hung vanity with open towel shelf - 1200mm,3040
Mirrored shaving cabinet - 1 door - 600mm,1150
Mirrored shaving cabinet - 2 door - 1200mm,1825
Tall linen cabinet - 1 door - 600mm,2430
Tall linen cabinet - 2 door - 1200mm,3105
Open towel shelf / module,880
MDF bulkhead - 300mm - LM,295
MDF bulkhead - 450mm - LM,390
,
,
SHAKER STYLE,
Floor mounted vanity - 1 door - 600mm,1425
Floor mounted vanity - 2 door - 1200mm,2175
Floor mounted vanity - 2 drawer - 600mm,2025
Floor mounted vanity - 2 drawer - 750mm,2175
Floor mounted vanity - 3 drawer - 900mm,2625
Floor mounted vanity - 3 drawer - 1200mm,2925
Wall hung vanity - 1 door - 600mm,1650
Wall hung vanity - 2 door - 1200mm,2400
Wall hung vanity - 2 drawer - 750mm,2325
Wall hung vanity - 3 drawer - 900mm,2775
Wall hung vanity - 3 drawer - 1200mm,3150
Wall hung vanity with open towel shelf - 1200mm,3375
Mirrored shaving cabinet - 1 door - 600mm,1275
Mirrored shaving cabinet - 2 door - 1200mm,2025
Tall linen cabinet - 1 door - 600mm,2700
Tall linen cabinet - 2 door - 1200mm,3450
Open towel shelf / module,975
MDF bulkhead - 300mm - LM,330
MDF bulkhead - 450mm - LM,435
,
,
VINYL WRAP,
Floor mounted vanity - 1 door - 600mm,1120
Floor mounted vanity - 2 door - 1200mm,1710
Floor mounted vanity - 2 drawer - 600mm,1595
Floor mounted vanity - 2 drawer - 750mm,1710
Floor mounted vanity - 3 drawer - 900mm,2065
Floor mounted vanity - 3 drawer - 1200mm,2300
Wall hung vanity - 1 door - 600mm,1300
Wall hung vanity - 2 door - 1200mm,1890
Wall hung vanity - 2 drawer - 750mm,1830
Wall hung vanity - 3 drawer - 900mm,2185
Wall hung vanity - 3 drawer - 1200mm,2480
Wall hung vanity with open towel shelf - 1200mm,2655
Mirrored shaving cabinet - 1 door - 600mm,1005
Mirrored shaving cabinet - 2 door - 1200mm,1595
Tall linen cabinet - 1 door - 600mm,2125
Tall linen cabinet - 2 door - 1200mm,2715
Open towel shelf / module,765
MDF bulkhead - 300mm - LM,260
MDF bulkhead - 450mm - LM,340
,
,
WARDROBES,
,
WARDROBE INTERNAL FITOUT - STANDARD COLOURBOARD,
Single hanging bay - 600-900mm - shelf + rail,800
Single hanging bay - 900-1200mm - shelf + rail,950
Double hanging bay - 900-1200mm,1250
Tall shelving tower - 450-600mm,1150
Adjustable shelving bay - 900-1200mm,1250
Drawer / shelf tower - 450-600mm,1500
4 drawer soft-close bank,1200
5 drawer soft-close bank,1450
Overhead storage cabinet - 900-1200mm,900
Shoe shelving bay - 900-1200mm,1000
Wardrobe island - 4 drawer,3200
Wardrobe island - 8 drawer,4800
Jewellery drawer,450
Pull-out hamper,450
Tie / belt rack,180
Valet rail,160
LED wardrobe lighting allowance,450
,
,
WARDROBE DOORS - STANDARD COLOURBOARD,
Hinged wardrobe door - up to 600mm wide,650
Sliding wardrobe door - per panel,800
Mirror sliding wardrobe door - per panel,950
,
,
WARDROBE DOORS - PREMIUM LAMINATE,
Hinged wardrobe door - up to 600mm wide,745
Sliding wardrobe door - per panel,920
Mirror sliding wardrobe door - per panel,1090
,
,
WARDROBE DOORS - 2 PACK,
Hinged wardrobe door - up to 600mm wide,880
Sliding wardrobe door - per panel,1080
Mirror sliding wardrobe door - per panel,1280
,
,
WARDROBE DOORS - SHAKER STYLE,
Hinged wardrobe door - up to 600mm wide,975
Sliding wardrobe door - per panel,1200
Mirror sliding wardrobe door - per panel,1425
,
,
WARDROBE DOORS - VINYL WRAP,
Hinged wardrobe door - up to 600mm wide,765
Sliding wardrobe door - per panel,945
Mirror sliding wardrobe door - per panel,1120
,
,
BENCHTOPS,
,
,
KITCHEN BENCHTOPS,
,
STANDARD LAMINATE,
Standard Laminate - 600mm wide - LM,350
Standard Laminate - 900mm wide - LM,525
Standard Laminate - 1200mm wide - LM,700
,
PREMIUM LAMINATE,
Premium Laminate - 600mm wide - LM,500
Premium Laminate - 900mm wide - LM,750
Premium Laminate - 1200mm wide - LM,1000
,
BASE RANGE STONE - 20MM,
Base Range Stone - 20Mm - 600mm wide - LM,500
Base Range Stone - 20Mm - 900mm wide - LM,750
Base Range Stone - 20Mm - 1200mm wide - LM,1000
,
MID RANGE STONE - 20MM,
Mid Range Stone - 20Mm - 600mm wide - LM,650
Mid Range Stone - 20Mm - 900mm wide - LM,975
Mid Range Stone - 20Mm - 1200mm wide - LM,1300
,
HIGH END STONE - 20MM,
High End Stone - 20Mm - 600mm wide - LM,800
High End Stone - 20Mm - 900mm wide - LM,1200
High End Stone - 20Mm - 1200mm wide - LM,1600
,
SOLID SURFACE / ACRYLIC,
Solid Surface / Acrylic - 600mm wide - LM,650
Solid Surface / Acrylic - 900mm wide - LM,975
Solid Surface / Acrylic - 1200mm wide - LM,1300
,
PORCELAIN / SINTERED STONE,
Porcelain / Sintered Stone - 600mm wide - LM,900
Porcelain / Sintered Stone - 900mm wide - LM,1350
Porcelain / Sintered Stone - 1200mm wide - LM,1800
,
SOLID TIMBER - STANDARD RANGE,
Solid Timber - Standard Range - 600mm wide - LM,750
Solid Timber - Standard Range - 900mm wide - LM,1125
Solid Timber - Standard Range - 1200mm wide - LM,1500
,
SOLID TIMBER - PREMIUM RANGE,
Solid Timber - Premium Range - 600mm wide - LM,950
Solid Timber - Premium Range - 900mm wide - LM,1425
Solid Timber - Premium Range - 1200mm wide - LM,1900
,
NATURAL STONE - STANDARD RANGE,
Natural Stone - Standard Range - 600mm wide - LM,900
Natural Stone - Standard Range - 900mm wide - LM,1350
Natural Stone - Standard Range - 1200mm wide - LM,1800
,
NATURAL STONE - PREMIUM RANGE,
Natural Stone - Premium Range - 600mm wide - LM,1200
Natural Stone - Premium Range - 900mm wide - LM,1800
Natural Stone - Premium Range - 1200mm wide - LM,2400
,
EXOTIC MARBLE / QUARTZITE,
Exotic Marble / Quartzite - 600mm wide - LM,1500
Exotic Marble / Quartzite - 900mm wide - LM,2250
Exotic Marble / Quartzite - 1200mm wide - LM,3000
,
BENCHTOP EXTRAS,
Standard sink cutout,180
Undermount sink cutout & polish,300
Standard cooktop cutout,180
Flush cooktop cutout,300
Tap hole,60
Drainer grooves - set,300
40mm mitred edge upgrade - LM,350
60mm mitred edge upgrade - LM,475
Standard waterfall end,1100
Premium waterfall end,1500
Porcelain / sintered waterfall end,1600
Stone upstand - LM,180
Full-height stone splashback - m2,850
,
,
,
BUTLER'S PANTRY BENCHTOPS,
,
STANDARD LAMINATE,
Standard Laminate - 600mm wide - LM,350
Standard Laminate - 900mm wide - LM,525
Standard Laminate - 1200mm wide - LM,700
,
PREMIUM LAMINATE,
Premium Laminate - 600mm wide - LM,500
Premium Laminate - 900mm wide - LM,750
Premium Laminate - 1200mm wide - LM,1000
,
BASE RANGE STONE - 20MM,
Base Range Stone - 20Mm - 600mm wide - LM,500
Base Range Stone - 20Mm - 900mm wide - LM,750
Base Range Stone - 20Mm - 1200mm wide - LM,1000
,
MID RANGE STONE - 20MM,
Mid Range Stone - 20Mm - 600mm wide - LM,650
Mid Range Stone - 20Mm - 900mm wide - LM,975
Mid Range Stone - 20Mm - 1200mm wide - LM,1300
,
HIGH END STONE - 20MM,
High End Stone - 20Mm - 600mm wide - LM,800
High End Stone - 20Mm - 900mm wide - LM,1200
High End Stone - 20Mm - 1200mm wide - LM,1600
,
SOLID SURFACE / ACRYLIC,
Solid Surface / Acrylic - 600mm wide - LM,650
Solid Surface / Acrylic - 900mm wide - LM,975
Solid Surface / Acrylic - 1200mm wide - LM,1300
,
PORCELAIN / SINTERED STONE,
Porcelain / Sintered Stone - 600mm wide - LM,900
Porcelain / Sintered Stone - 900mm wide - LM,1350
Porcelain / Sintered Stone - 1200mm wide - LM,1800
,
SOLID TIMBER - STANDARD RANGE,
Solid Timber - Standard Range - 600mm wide - LM,750
Solid Timber - Standard Range - 900mm wide - LM,1125
Solid Timber - Standard Range - 1200mm wide - LM,1500
,
SOLID TIMBER - PREMIUM RANGE,
Solid Timber - Premium Range - 600mm wide - LM,950
Solid Timber - Premium Range - 900mm wide - LM,1425
Solid Timber - Premium Range - 1200mm wide - LM,1900
,
NATURAL STONE - STANDARD RANGE,
Natural Stone - Standard Range - 600mm wide - LM,900
Natural Stone - Standard Range - 900mm wide - LM,1350
Natural Stone - Standard Range - 1200mm wide - LM,1800
,
NATURAL STONE - PREMIUM RANGE,
Natural Stone - Premium Range - 600mm wide - LM,1200
Natural Stone - Premium Range - 900mm wide - LM,1800
Natural Stone - Premium Range - 1200mm wide - LM,2400
,
EXOTIC MARBLE / QUARTZITE,
Exotic Marble / Quartzite - 600mm wide - LM,1500
Exotic Marble / Quartzite - 900mm wide - LM,2250
Exotic Marble / Quartzite - 1200mm wide - LM,3000
,
BENCHTOP EXTRAS,
Standard sink cutout,180
Undermount sink cutout & polish,300
Standard cooktop cutout,180
Flush cooktop cutout,300
Tap hole,60
Drainer grooves - set,300
40mm mitred edge upgrade - LM,350
60mm mitred edge upgrade - LM,475
Standard waterfall end,1100
Premium waterfall end,1500
Porcelain / sintered waterfall end,1600
Stone upstand - LM,180
Full-height stone splashback - m2,850
,
,
,
LAUNDRY BENCHTOPS,
,
STANDARD LAMINATE,
Standard Laminate - 600mm wide - LM,350
Standard Laminate - 900mm wide - LM,525
,
PREMIUM LAMINATE,
Premium Laminate - 600mm wide - LM,500
Premium Laminate - 900mm wide - LM,750
,
BASE RANGE STONE - 20MM,
Base Range Stone - 20Mm - 600mm wide - LM,500
Base Range Stone - 20Mm - 900mm wide - LM,750
,
MID RANGE STONE - 20MM,
Mid Range Stone - 20Mm - 600mm wide - LM,650
Mid Range Stone - 20Mm - 900mm wide - LM,975
,
HIGH END STONE - 20MM,
High End Stone - 20Mm - 600mm wide - LM,800
High End Stone - 20Mm - 900mm wide - LM,1200
,
SOLID SURFACE / ACRYLIC,
Solid Surface / Acrylic - 600mm wide - LM,650
Solid Surface / Acrylic - 900mm wide - LM,975
,
PORCELAIN / SINTERED STONE,
Porcelain / Sintered Stone - 600mm wide - LM,900
Porcelain / Sintered Stone - 900mm wide - LM,1350
,
SOLID TIMBER - STANDARD RANGE,
Solid Timber - Standard Range - 600mm wide - LM,750
Solid Timber - Standard Range - 900mm wide - LM,1125
,
SOLID TIMBER - PREMIUM RANGE,
Solid Timber - Premium Range - 600mm wide - LM,950
Solid Timber - Premium Range - 900mm wide - LM,1425
,
NATURAL STONE - STANDARD RANGE,
Natural Stone - Standard Range - 600mm wide - LM,900
Natural Stone - Standard Range - 900mm wide - LM,1350
,
NATURAL STONE - PREMIUM RANGE,
Natural Stone - Premium Range - 600mm wide - LM,1200
Natural Stone - Premium Range - 900mm wide - LM,1800
,
EXOTIC MARBLE / QUARTZITE,
Exotic Marble / Quartzite - 600mm wide - LM,1500
Exotic Marble / Quartzite - 900mm wide - LM,2250
,
BENCHTOP EXTRAS,
Standard sink cutout,180
Undermount sink cutout & polish,300
Tap hole,60
Drainer grooves - set,300
40mm mitred edge upgrade - LM,350
60mm mitred edge upgrade - LM,475
Standard waterfall end,1100
Premium waterfall end,1500
Porcelain / sintered waterfall end,1600
Stone upstand - LM,180
Full-height stone splashback - m2,850
,
,
,
BATHROOM BENCHTOPS,
,
STANDARD LAMINATE,
Standard Laminate - 600mm wide - LM,350
,
PREMIUM LAMINATE,
Premium Laminate - 600mm wide - LM,500
,
BASE RANGE STONE - 20MM,
Base Range Stone - 20Mm - 600mm wide - LM,500
,
MID RANGE STONE - 20MM,
Mid Range Stone - 20Mm - 600mm wide - LM,650
,
HIGH END STONE - 20MM,
High End Stone - 20Mm - 600mm wide - LM,800
,
SOLID SURFACE / ACRYLIC,
Solid Surface / Acrylic - 600mm wide - LM,650
,
PORCELAIN / SINTERED STONE,
Porcelain / Sintered Stone - 600mm wide - LM,900
,
SOLID TIMBER - STANDARD RANGE,
Solid Timber - Standard Range - 600mm wide - LM,750
,
SOLID TIMBER - PREMIUM RANGE,
Solid Timber - Premium Range - 600mm wide - LM,950
,
NATURAL STONE - STANDARD RANGE,
Natural Stone - Standard Range - 600mm wide - LM,900
,
NATURAL STONE - PREMIUM RANGE,
Natural Stone - Premium Range - 600mm wide - LM,1200
,
EXOTIC MARBLE / QUARTZITE,
Exotic Marble / Quartzite - 600mm wide - LM,1500
,
BENCHTOP EXTRAS,
Standard sink cutout,180
Undermount sink cutout & polish,300
Tap hole,60
40mm mitred edge upgrade - LM,350
60mm mitred edge upgrade - LM,475
Standard waterfall end,1100
Premium waterfall end,1500
Porcelain / sintered waterfall end,1600
Stone upstand - LM,180
Full-height stone splashback - m2,850
,
,
,
